DEPTH,LCAL,GR,RHOM,APLC,APLU
4242.9684,8.5405,143.095,2.7511,0.1141,0.1276
4242.816,8.5412,102.6287,2.6434,0.0932,0.1081
4242.6636,8.5606,62.5591,2.5636,0.0714,0.0871
4242.5112,8.5651,32.6639,2.5171,0.0631,0.0773
4242.3588,8.586,23.8036,2.5064,0.0647,0.0771
4242.2064,8.5773,21.82,2.5153,0.0631,0.0748
4242.054,8.5858,21.4232,2.5258,0.0596,0.069
4241.9016,8.6053,22.2167,2.5215,0.0613,0.0699
4241.7492,8.6035,23.4069,2.5074,0.0628,0.0723
4241.5968,8.6055,21.5555,2.4931,0.0693,0.0795
4241.4444,8.6086,20.9439,2.5049,0.0696,0.0804
4241.292,8.6317,19.2247,2.5137,0.0734,0.0854
4241.1396,8.6089,22.0018,2.5227,0.0721,0.083
4240.9872,8.5943,24.2003,2.5245,0.0713,0.0798
4240.8348,8.5608,22.8307,2.526,0.0656,0.0732
4240.6824,8.5207,23.6241,2.5275,0.0672,0.0739
4240.53,8.5174,21.5083,2.5215,0.0664,0.0731
4240.3776,8.5351,24.4648,2.5022,0.0705,0.0773
4240.2252,8.5327,22.3489,2.4999,0.0755,0.0821
4240.0728,8.5313,22.4812,2.4956,0.0746,0.0813
4239.9204,8.5299,21.8448,2.5049,0.0683,0.0755
4239.768,8.5346,22.6193,2.5086,0.0655,0.0721
4239.6156,8.533,22.0904,2.5128,0.0659,0.072
4239.4632,8.5361,23.917,2.5231,0.0618,0.0688
4239.3108,8.5365,23.4069,2.5207,0.0585,0.0656
4239.1584,8.5363,24.8616,2.5103,0.0607,0.0681
4239.006,8.5313,23.2746,2.496,0.063,0.0709
4238.8536,8.5441,23.6714,2.4929,0.0614,0.0699
4238.7012,8.5695,22.7457,2.4929,0.0639,0.0725
4238.5488,8.5707,21.0265,2.4883,0.0639,0.0732
4238.3964,8.5739,20.762,2.4873,0.0674,0.076
4238.244,8.5676,20.2331,2.5042,0.0659,0.0739
4238.0916,8.5511,21.9522,2.5118,0.0589,0.0676
4237.9392,8.5358,23.4069,2.5319,0.0556,0.0633
4237.7868,8.5247,23.4069,2.5476,0.0599,0.0668
4237.6344,8.5231,22.0845,2.5451,0.0668,0.0733
4237.482,8.525,21.6629,2.5259,0.0675,0.074
4237.3296,8.4934,21.2662,2.518,0.0712,0.0772
4237.1772,8.4707,22.4564,2.5199,0.066,0.0717
4237.0248,8.4764,21.5177,2.5163,0.0653,0.071
4236.8724,8.4775,23.7658,2.5145,0.0609,0.0668
4236.72,8.4775,24.0303,2.5159,0.0599,0.0661
4236.5676,8.4775,23.8036,2.5067,0.0579,0.0641
4236.4152,8.4749,24.8616,2.5127,0.0567,0.0637
4236.2628,8.4304,25.655,2.5461,0.0602,0.0673
4236.1104,8.3548,26.0517,2.5657,0.0753,0.0828
4235.958,8.3409,24.4483,2.5544,0.0899,0.0969
4235.8056,8.3432,23.9382,2.5149,0.0874,0.0945
4235.6532,8.3676,26.0541,2.5105,0.0716,0.0789
4235.5008,8.3892,27.3931,2.5106,0.0635,0.071
4235.3484,8.4231,24.9938,2.5148,0.0627,0.0704
4235.196,8.4441,22.4812,2.5102,0.0639,0.0716
4235.0436,8.4332,20.3983,2.5162,0.0607,0.0686
4234.8912,8.44,22.911,2.5106,0.0589,0.0674
4234.7388,8.4398,23.0432,2.4986,0.0605,0.0696
4234.5864,8.4203,22.7457,2.504,0.0582,0.0671
4234.434,8.3703,24.7293,2.5044,0.0614,0.0703
4234.2816,8.3576,27.5064,2.5178,0.0622,0.0702
4234.1292,8.3447,28.4416,2.522,0.0618,0.0686
4233.9768,8.3772,27.4249,2.5336,0.0581,0.0638
4233.8244,8.4121,25.9703,2.5456,0.0574,0.0623
4233.672,8.4227,25.2996,2.545,0.058,0.0626
4233.5196,8.421,24.7293,2.5471,0.0562,0.0613
4233.3672,8.4207,24.9938,2.5428,0.0542,0.0594
4233.2148,8.4226,25.7873,2.5385,0.0591,0.0645
4233.0624,8.4271,24.9938,2.5277,0.0581,0.064
4232.91,8.4698,23.4069,2.5184,0.0604,0.0668
4232.7576,8.4857,24.2003,2.52,0.0606,0.0667
4232.6052,8.4747,24.9938,2.5235,0.0585,0.065
4232.4528,8.4736,26.5807,2.5253,0.0565,0.0628
4232.3004,8.4726,27.7544,2.5229,0.0565,0.0626
4232.148,8.4721,29.209,2.5249,0.0551,0.0606
4231.9956,8.4726,29.8702,2.5185,0.0547,0.0601
4231.8432,8.4785,28.1676,2.5077,0.0572,0.0632
4231.6908,8.4746,25.0694,2.5128,0.0622,0.0682
4231.5384,8.4719,22.0278,2.5118,0.0612,0.0668
4231.386,8.4732,20.383,2.5094,0.0653,0.0712
4231.2336,8.4737,22.82,2.4957,0.066,0.072
4231.0812,8.475,23.349,2.4928,0.0723,0.0779
4230.9288,8.4743,23.6714,2.4832,0.0734,0.0793
4230.7764,8.4744,20.233,2.4806,0.0788,0.0857
4230.624,8.4702,20.762,2.4823,0.0767,0.0843
4230.4716,8.4697,34.0241,2.4682,0.0806,0.088
4230.3192,8.4479,55.52,2.4292,0.0854,0.0923
4230.1668,8.4681,69.675,2.4115,0.0992,0.107
4230.0144,8.4864,68.8721,2.4879,0.1022,0.109
4229.862,8.4744,65.3302,2.5759,0.0787,0.0853
4229.7096,8.4826,84.5937,2.6482,0.0588,0.0658
4229.5572,8.5034,123.5451,2.657,0.0606,0.0686
4229.4048,8.5043,144.4045,2.6103,0.0893,0.0967
4229.2524,8.5029,128.7235,2.5589,0.1054,0.1136
4229.1,8.4994,79.9041,2.5173,0.0958,0.1066
4228.9476,8.4911,40.9585,2.4941,0.0783,0.0924
4228.7952,8.4737,22.716,2.5023,0.0693,0.085
4228.6428,8.4742,19.2847,2.5047,0.0705,0.0842
4228.4904,8.4721,19.6348,2.5096,0.0706,0.0834
4228.338,8.4748,19.8947,2.5084,0.0642,0.0765
4228.1856,8.4724,20.3614,2.517,0.0605,0.0704
4228.0332,8.4731,20.8865,2.5105,0.0593,0.0683
4227.8808,8.4718,20.7468,2.5134,0.0581,0.0664
4227.7284,8.4751,19.868,2.5099,0.059,0.0662
4227.576,8.4454,20.6666,2.5218,0.0595,0.0662
4227.4236,8.449,23.9126,2.5368,0.0577,0.0645
4227.2712,8.4501,30.6839,2.5487,0.0587,0.0656
4227.1188,8.4356,34.6005,2.5387,0.071,0.0787
4226.9664,8.4052,36.8034,2.5127,0.0744,0.0822
4226.814,8.3668,35.4031,2.5224,0.0732,0.0795
4226.6616,8.3177,35.0837,2.5667,0.0583,0.064
4226.5092,8.3951,46.0375,2.6207,0.055,0.0601
4226.3568,8.4461,74.8222,2.6755,0.0618,0.0667
4226.2044,8.4478,94.6174,2.708,0.0749,0.0802
4226.052,8.447,102.9239,2.6601,0.0892,0.0951
4225.8996,8.6497,95.6393,2.5856,0.082,0.0885
4225.7472,8.6171,95.4928,2.573,0.0709,0.0779
4225.5948,8.851,78.6829,2.5549,0.071,0.0788
4225.4424,8.8204,53.1359,2.5325,0.0795,0.0877
4225.29,8.7563,30.6084,2.5361,0.0836,0.0936
4225.1376,8.8625,23.7912,2.5518,0.0708,0.0833
4224.9852,8.7889,23.2108,2.5578,0.0588,0.0721
4224.8328,8.8807,22.5619,2.5708,0.0539,0.0659
4224.6804,8.8253,22.2614,2.5614,0.0547,0.0655
4224.528,8.728,23.1097,2.5468,0.0562,0.0654
4224.3756,8.6087,24.167,2.5359,0.0597,0.0675
4224.2232,8.5551,22.9201,2.5339,0.0589,0.0659
4224.0708,8.5145,23.6652,2.53,0.0551,0.0608
4223.9184,8.5004,24.9488,2.5363,0.0519,0.0571
4223.766,8.5086,27.9933,2.5251,0.0518,0.0569
4223.6136,8.5207,28.9639,2.5228,0.0524,0.0576
4223.4612,8.4912,26.4552,2.5259,0.0534,0.0585
4223.3088,8.4508,26.2911,2.5192,0.0537,0.0591
4223.1564,8.4477,25.0288,2.5081,0.0535,0.0589
4223.004,8.4525,25.7772,2.5103,0.0524,0.0578
4222.8516,8.434,25.0505,2.5136,0.0552,0.0611
4222.6992,8.4224,25.4588,2.5192,0.0567,0.0628
4222.5468,8.411,26.9822,2.5227,0.0556,0.0625
4222.3944,8.4722,27.1912,2.5207,0.0551,0.0632
4222.242,8.5071,27.5642,2.5097,0.0589,0.0677
4222.0896,8.5052,26.1092,2.5117,0.0636,0.0723
4221.9372,8.4831,25.8436,2.5104,0.066,0.0744
4221.7848,8.4224,24.362,2.5097,0.0657,0.0739
4221.6324,8.4058,23.3302,2.5065,0.0634,0.0707
4221.48,8.3943,22.7068,2.4951,0.0634,0.0701
4221.3276,8.431,22.6254,2.4867,0.0614,0.068
4221.1752,8.4425,21.8062,2.4818,0.0609,0.0673
4221.0228,8.4473,21.2076,2.4742,0.0684,0.0747
4220.8704,8.4456,21.3278,2.4594,0.0741,0.081
4220.718,8.4555,32.0876,2.489,0.0734,0.0805
4220.5656,8.4914,80.5203,2.5678,0.0725,0.0801
4220.4132,8.5038,142.5045,2.6717,0.0766,0.0849
4220.2608,8.506,195.9639,2.7558,0.0874,0.0969
4220.1084,8.5069,185.4755,2.7807,0.1119,0.1221
4219.956,8.5147,131.6338,2.704,0.1502,0.1601
4219.8036,8.6621,68.9193,2.6219,0.1752,0.1841
4219.6512,8.5399,31.3467,2.5562,0.1408,0.1513
4219.4988,8.5423,22.8154,2.5477,0.089,0.1009
4219.3464,8.5391,23.5119,2.5377,0.0629,0.0731
4219.194,8.5422,27.3091,2.5388,0.0593,0.0679
4219.0416,8.5391,34.1402,2.5166,0.0616,0.0696
4218.8892,8.5575,48.8542,2.5355,0.0663,0.0752
4218.7368,8.5985,79.1872,2.5658,0.0804,0.0921
4218.5844,8.9141,101.4691,2.557,0.1102,0.1235
4218.432,8.7268,92.2481,2.5245,0.1277,0.1415
4218.2796,8.726,57.8773,2.4974,0.1177,0.1328
4218.1272,8.727,30.8648,2.507,0.0913,0.1094
4217.9748,8.7261,24.0299,2.5191,0.0828,0.0969
4217.8224,8.7267,24.2703,2.5231,0.0779,0.0881
4217.67,8.725,23.2785,2.5205,0.0748,0.083
4217.5176,8.7119,24.0886,2.5181,0.0657,0.0732
4217.3652,8.6854,23.4652,2.5142,0.063,0.0696
4217.2128,8.6846,24.1282,2.5137,0.0622,0.0681
4217.0604,8.6857,24.6453,2.5182,0.0627,0.0684
4216.908,8.6858,29.1158,2.5328,0.0623,0.068
4216.7556,8.6853,34.2853,2.5401,0.0652,0.0705
4216.6032,8.6595,44.6849,2.5588,0.0648,0.0699
4216.4508,8.6198,63.9047,2.5941,0.0658,0.0706
4216.2984,8.6396,76.8869,2.6019,0.0647,0.0694
4216.146,8.6331,74.6699,2.5881,0.0714,0.0765
4215.9936,8.6248,54.4617,2.545,0.0822,0.0877
4215.8412,8.6274,37.3319,2.5352,0.0859,0.0914
4215.6888,8.6281,30.0173,2.5107,0.0726,0.0783
4215.5364,8.6299,29.0219,2.5073,0.0595,0.0658
4215.384,8.6342,35.3883,2.4917,0.0683,0.0753
4215.2316,8.6376,40.7193,2.4824,0.0831,0.0909
4215.0792,8.608,39.9328,2.48,0.0864,0.0956
4214.9268,8.5971,31.4731,2.4985,0.0824,0.0934
4214.7744,8.6033,24.8704,2.5158,0.0772,0.0883
4214.622,8.5792,24.4353,2.5118,0.0739,0.0833
4214.4696,8.542,25.0333,2.4994,0.0704,0.0783
4214.3172,8.5243,24.2124,2.4875,0.0702,0.078
4214.1648,8.5217,24.8724,2.4902,0.0709,0.0784
4214.0124,8.5165,24.5643,2.4893,0.0661,0.0735
4213.86,8.5162,25.8868,2.4951,0.0649,0.0724
4213.7076,8.5546,24.9457,2.5066,0.0579,0.0657
4213.5552,8.5933,25.126,2.5057,0.0592,0.0664
4213.4028,8.611,27.7107,2.5209,0.0608,0.0678
4213.2504,8.6416,29.5141,2.5525,0.0625,0.0696
4213.098,8.6455,28.9599,2.5532,0.06,0.0667
4212.9456,8.6574,25.9544,2.5533,0.0574,0.064
4212.7932,8.6917,23.2494,2.5857,0.0554,0.0621
4212.6408,8.726,23.9667,2.5961,0.058,0.065
4212.4884,8.9201,24.7361,2.604,0.0632,0.0706
4212.336,8.9542,26.8074,2.6047,0.0652,0.0728
4212.1836,9.0118,28.6777,2.6179,0.0602,0.0682
4212.0312,9.0813,29.0044,2.6081,0.0566,0.0643
4211.8788,9.0936,28.6763,2.6226,0.0572,0.0644
4211.7264,9.0966,28.2058,2.6281,0.0555,0.0622
4211.574,9.0413,26.8091,2.6258,0.056,0.0627
4211.4216,9.174,27.6489,2.5897,0.0577,0.0642
4211.2692,9.3673,25.7391,2.5766,0.062,0.0689
4211.1168,9.3689,26.4454,2.5368,0.0593,0.0659
4210.9644,9.4396,24.5201,2.4976,0.0616,0.0679
4210.812,9.3521,24.7468,2.5076,0.0611,0.0675
4210.6596,9.3218,24.387,2.5321,0.0665,0.0735
4210.5072,9.1225,34.1265,2.5108,0.0671,0.0745
4210.3548,9.0194,58.7981,2.4987,0.0738,0.0816
4210.2024,8.9749,103.6051,2.514,0.0823,0.0916
4210.05,8.9172,128.6044,2.475,0.0908,0.1011
4209.8976,8.9511,113.7376,2.4473,0.098,0.1081
4209.7452,8.7534,70.2208,2.469,0.1255,0.1366
4209.5928,8.7626,37.0657,2.4695,0.1401,0.151
4209.4404,8.8132,34.7286,2.4568,0.1187,0.131
4209.288,8.8129,44.8735,2.4386,0.0898,0.1033
4209.1356,8.8073,53.2718,2.4372,0.0794,0.092
4208.9832,8.7981,48.6893,2.4499,0.0855,0.0961
4208.8308,8.7669,37.3709,2.4724,0.0938,0.1028
4208.6784,8.7603,28.6892,2.4847,0.093,0.1006
4208.526,8.7565,27.1263,2.5015,0.0796,0.0866
4208.3736,8.7534,28.4699,2.4933,0.0702,0.0776
4208.2212,8.7333,31.5303,2.491,0.0612,0.0675
4208.0688,8.6926,38.7259,2.5006,0.0549,0.0609
4207.9164,8.6622,42.5094,2.5054,0.0502,0.0561
4207.764,8.6604,40.4496,2.4994,0.057,0.0636
4207.6116,8.6626,34.207,2.4859,0.0666,0.0729
4207.4592,8.6609,30.5935,2.4779,0.0707,0.0769
4207.3068,8.662,29.9845,2.4786,0.0752,0.0817
4207.1544,8.6595,29.6377,2.4925,0.0742,0.0807
4207.002,8.6608,30.1478,2.5104,0.0708,0.0771
4206.8496,8.6603,32.5899,2.5229,0.0625,0.0686
4206.6972,8.6619,34.2785,2.5316,0.0584,0.0645
4206.5448,8.6608,33.7753,2.5337,0.0549,0.0607
4206.3924,8.6622,32.0042,2.5299,0.0546,0.0602
4206.24,8.6612,32.2376,2.5188,0.0571,0.0631
4206.0876,8.6614,30.7572,2.5194,0.0632,0.0697
4205.9352,8.6471,29.4111,2.5185,0.0673,0.0735
4205.7828,8.6421,25.9573,2.5213,0.0688,0.0752
4205.6304,8.6399,27.3175,2.5147,0.0657,0.0724
4205.478,8.6412,27.1174,2.5098,0.0632,0.0695
4205.3256,8.641,26.429,2.4978,0.0618,0.0676
4205.1732,8.6419,28.5986,2.4959,0.0628,0.0697
4205.0208,8.6414,43.7202,2.5134,0.0659,0.0732
4204.8684,8.6411,70.7328,2.5516,0.0718,0.0799
4204.716,8.6427,93.4754,2.5855,0.0822,0.0911
4204.5636,8.6423,101.3941,2.6091,0.0878,0.0977
4204.4112,8.6418,97.0767,2.6263,0.0985,0.1094
4204.2588,8.6421,89.2238,2.6099,0.108,0.1192
4204.1064,8.6416,82.9328,2.5939,0.1052,0.1166
4203.954,8.6399,78.7428,2.5814,0.0987,0.1092
4203.8016,8.6367,68.8742,2.5677,0.0859,0.0972
4203.6492,8.6347,57.1423,2.5586,0.0853,0.0948
4203.4968,8.6283,47.2135,2.5399,0.087,0.0944
4203.3444,8.626,50.5828,2.5325,0.0784,0.085
4203.192,8.6295,62.0879,2.518,0.0738,0.0805
4203.0396,8.6324,61.9129,2.5019,0.0724,0.0792
4202.8872,8.6569,56.9071,2.4906,0.081,0.0882
4202.7348,8.7189,44.2351,2.4948,0.0853,0.0943
4202.5824,8.7286,39.8594,2.4965,0.0896,0.1006
4202.43,8.6831,32.6315,2.4964,0.0908,0.1031
4202.2776,8.6522,28.0954,2.5049,0.0883,0.1008
4202.1252,8.6234,23.9531,2.5167,0.0776,0.0896
4201.9728,8.5975,24.4847,2.5276,0.0754,0.086
4201.8204,8.597,24.6775,2.5296,0.0765,0.0853
4201.668,8.5978,27.8064,2.5179,0.0801,0.0871
4201.5156,8.5978,28.0983,2.5056,0.0755,0.0823
4201.3632,8.5981,27.6575,2.5072,0.0744,0.0805
4201.2108,8.5948,25.4038,2.5103,0.0765,0.0824
4201.0584,8.5968,24.3943,2.5124,0.0787,0.0847
4200.906,8.5974,26.006,2.5113,0.0741,0.0803
4200.7536,8.5961,25.8398,2.5147,0.0772,0.0834
4200.6012,8.5973,29.1581,2.5142,0.0739,0.0804
4200.4488,8.5963,27.9431,2.5146,0.0726,0.0797
4200.2964,8.5607,28.1676,2.5232,0.0668,0.0733
4200.144,8.498,24.9521,2.5276,0.0694,0.0757
4199.9916,8.4975,26.4223,2.5297,0.0654,0.0712
4199.8392,8.4968,26.8891,2.5267,0.0659,0.0714
4199.6868,8.4976,27.0831,2.531,0.0652,0.0704
4199.5344,8.4988,25.8361,2.5338,0.07,0.0756
4199.382,8.5022,25.136,2.5296,0.0673,0.0729
4199.2296,8.5013,25.4736,2.5206,0.0636,0.0699
4199.0772,8.5029,25.0238,2.5127,0.0624,0.0689
4198.9248,8.5065,24.7321,2.5254,0.0653,0.072
4198.7724,8.5055,25.5039,2.5238,0.0648,0.0717
4198.62,8.5074,26.9091,2.5269,0.0655,0.0724
4198.4676,8.5066,28.8344,2.5183,0.0645,0.0713
4198.3152,8.5071,28.2659,2.5104,0.0654,0.0722
4198.1628,8.5075,27.0626,2.5147,0.0626,0.0692
4198.0104,8.5064,25.6783,2.5197,0.0616,0.0679
4197.858,8.5067,24.9499,2.5213,0.0632,0.0694
4197.7056,8.5062,25.0447,2.5245,0.0635,0.0698
4197.5532,8.5062,25.3788,2.5337,0.0615,0.0677
4197.4008,8.5075,27.2425,2.5392,0.0587,0.0651
4197.2484,8.5073,28.4093,2.5403,0.0565,0.063
4197.096,8.5075,28.2143,2.5364,0.0557,0.0622
4196.9436,8.5057,26.2873,2.5154,0.0572,0.0633
4196.7912,8.6092,25.0038,2.5119,0.0611,0.0669
4196.6388,8.8179,23.3619,2.5031,0.0627,0.0683
4196.4864,8.9417,24.0597,2.5092,0.0646,0.07
4196.334,9.1751,26.2944,2.5329,0.0611,0.0664
4196.1816,9.4098,29.7649,2.5486,0.0595,0.0652
4196.0292,9.3287,35.3731,2.5489,0.0626,0.0688
4195.8768,9.3051,39.8161,2.5756,0.069,0.0758
4195.7244,9.0745,39.121,2.5682,0.0807,0.0886
4195.572,9.0603,35.2704,2.5505,0.0858,0.0948
4195.4196,9.4568,30.1696,2.5514,0.0903,0.0993
4195.2672,9.5917,30.3947,2.5711,0.0789,0.089
4195.1148,9.5589,29.5779,2.5975,0.0772,0.087
4194.9624,9.4395,29.875,2.6139,0.0689,0.0777
4194.81,9.5986,30.0059,2.6215,0.0696,0.0775
4194.6576,9.7571,30.4909,2.6161,0.0671,0.0751
4194.5052,9.6046,31.1839,2.6079,0.0673,0.0747
4194.3528,9.6919,34.2651,2.6124,0.0652,0.0726
4194.2004,9.6973,36.9023,2.6306,0.0677,0.075
4194.048,9.8212,38.3609,2.622,0.0644,0.0714
4193.8956,9.7673,36.6239,2.589,0.0656,0.0721
4193.7432,9.8307,34.7853,2.5608,0.0629,0.0694
4193.5908,9.8559,33.8359,2.5815,0.0632,0.069
4193.4384,9.5699,36.273,2.5575,0.0632,0.0692
4193.286,9.4164,39.0698,2.5112,0.0658,0.0723
4193.1336,9.5692,42.7365,2.4751,0.0706,0.0775
4192.9812,8.9331,40.9279,2.4797,0.0773,0.0849
4192.8288,8.8214,38.2694,2.4774,0.0809,0.0895
4192.6764,8.7887,34.4069,2.4951,0.079,0.0871
4192.524,8.7398,33.6651,2.505,0.0771,0.0845
4192.3716,8.7151,35.8605,2.4937,0.0764,0.0834
4192.2192,8.8028,42.4898,2.4951,0.0754,0.082
4192.0668,8.7678,49.9092,2.4925,0.0747,0.0816
4191.9144,8.7568,53.3477,2.4981,0.0803,0.088
4191.762,9.4275,51.0618,2.4802,0.0894,0.0979
4191.6096,9.8103,44.2092,2.4483,0.0881,0.0979
4191.4572,9.7314,37.7252,2.4575,0.0832,0.0932
4191.3048,9.6913,32.835,2.4975,0.0774,0.087
4191.1524,9.7038,30.9647,2.5402,0.0789,0.0869
4191.0,9.923,31.3048,2.5439,0.0723,0.0796
4190.8476,9.8819,32.2276,2.5834,0.0661,0.0721
4190.6952,9.6619,35.781,2.5617,0.0603,0.0664
4190.5428,9.4616,36.9039,2.4828,0.0609,0.0668
4190.3904,9.3788,37.1443,2.4608,0.0642,0.0705
4190.238,10.0725,31.9607,2.4606,0.0661,0.0735
4190.0856,10.541,29.751,2.4714,0.0727,0.0813
4189.9332,10.8078,29.1911,2.4828,0.0683,0.0768
4189.7808,11.0311,29.9145,2.4956,0.0652,0.0734
4189.6284,11.5656,28.791,2.4965,0.0616,0.0692
4189.476,11.7894,25.9123,2.4837,0.0634,0.0694
4189.3236,11.5301,24.4021,2.4621,0.0553,0.0607
4189.1712,11.4663,24.1325,2.4224,0.0515,0.0561
4189.0188,11.3511,26.9475,2.4035,0.054,0.0586
4188.8664,11.1675,31.0014,2.3931,0.0598,0.0647
4188.714,10.8905,36.4852,2.4056,0.0652,0.0702
4188.5616,10.3935,44.1134,2.45,0.0716,0.0769
4188.4092,9.8928,50.7511,2.4603,0.0723,0.0786
4188.2568,9.5149,50.9195,2.4681,0.0781,0.0855
4188.1044,9.5402,44.1553,2.5046,0.0844,0.0925
4187.952,9.7522,37.4504,2.5251,0.0917,0.1014
4187.7996,10.312,35.6531,2.5255,0.0843,0.0947
4187.6472,10.5533,37.8772,2.5217,0.0733,0.0838
4187.4948,10.7474,41.9117,2.5383,0.0654,0.0758
4187.3424,10.7089,43.4173,2.5903,0.0697,0.0797
4187.19,10.3406,43.1733,2.5846,0.0836,0.0924
4187.0376,9.9458,42.2731,2.5108,0.0925,0.1006
4186.8852,9.8883,43.9651,2.4175,0.0909,0.0987
4186.7328,9.8739,39.8811,2.3991,0.0841,0.0916
4186.5804,9.8631,34.8777,2.4288,0.079,0.0856
4186.428,9.3596,28.6387,2.4972,0.0765,0.0829
4186.2756,9.4362,27.8329,2.5305,0.0713,0.077
4186.1232,9.4673,27.6104,2.5422,0.0668,0.0725
4185.9708,9.4879,27.3151,2.5606,0.0628,0.069
4185.8184,9.8478,26.9307,2.572,0.0618,0.069
4185.666,9.7716,26.7557,2.604,0.0646,0.0723
4185.5136,9.6362,25.8806,2.6171,0.063,0.0721
4185.3612,9.4643,26.1691,2.6184,0.0642,0.0724
4185.2088,9.2576,27.1132,2.5925,0.0659,0.0729
4185.0564,9.0188,28.7796,2.5843,0.0689,0.0754
4184.904,8.8034,28.5035,2.6312,0.0646,0.0704
4184.7516,8.5973,28.0226,2.6648,0.0624,0.0681
4184.5992,8.5894,27.1146,2.6518,0.0607,0.0659
4184.4468,8.9543,27.7673,2.67,0.062,0.0671
4184.2944,9.121,28.681,2.692,0.064,0.0689
4184.142,9.1164,29.2861,2.6882,0.0679,0.073
4183.9896,9.1875,31.0735,2.6659,0.0705,0.076
4183.8372,9.1134,30.8812,2.6088,0.0683,0.0744
4183.6848,9.1063,32.1138,2.5475,0.0678,0.0739
4183.5324,8.7899,28.7439,2.5473,0.0668,0.0727
4183.38,8.5646,28.6095,2.5666,0.0639,0.0696
4183.2276,8.5635,28.522,2.5767,0.0612,0.0665
4183.0752,8.5497,30.6297,2.6002,0.0644,0.0698
4182.9228,8.5364,30.1629,2.5988,0.0666,0.072
4182.7704,8.5373,29.5845,2.5609,0.0685,0.0744
4182.618,8.5367,27.2508,2.5297,0.0703,0.0763
4182.4656,8.5336,27.0705,2.5156,0.0699,0.0759
4182.3132,8.5306,26.7446,2.5311,0.0714,0.0777
4182.1608,8.5307,28.2968,2.5655,0.0686,0.0752
4182.0084,8.5468,27.2994,2.5545,0.0654,0.0722
4181.856,8.5768,26.7451,2.5353,0.0619,0.0687
4181.7036,8.5762,28.0516,2.5359,0.0588,0.0659
4181.5512,8.5756,29.7395,2.531,0.0568,0.0636
4181.3988,8.5462,31.3731,2.5126,0.0574,0.0644
4181.2464,8.5372,36.9156,2.5022,0.0563,0.0629
4181.094,8.5376,42.5315,2.4928,0.0544,0.0611
4180.9416,8.5377,44.1722,2.4939,0.0567,0.0627
4180.7892,8.5383,40.2084,2.5416,0.0644,0.0707
4180.6368,8.6198,33.7105,2.5723,0.0704,0.0767
4180.4844,9.0289,33.1695,2.5791,0.071,0.0778
4180.332,9.2318,31.6668,2.5836,0.0683,0.0752
4180.1796,9.2026,33.739,2.6595,0.0623,0.0698
4180.0272,8.8754,33.8645,2.6978,0.0571,0.0646
4179.8748,8.7736,33.3201,2.6666,0.0545,0.0619
4179.7224,9.1153,30.4863,2.6528,0.0542,0.0616
4179.57,9.1211,28.4372,2.6751,0.0599,0.0677
4179.4176,9.178,27.4171,2.6684,0.059,0.0666
4179.2652,9.2498,30.0534,2.5981,0.0598,0.0667
4179.1128,9.2167,30.6037,2.5382,0.0556,0.0621
4178.9604,9.1462,30.6374,2.5227,0.055,0.0609
4178.808,8.7715,30.4182,2.5434,0.0544,0.0596
4178.6556,8.8529,29.7582,2.535,0.0561,0.0614
4178.5032,8.8088,32.4966,2.5374,0.0564,0.0623
4178.3508,8.685,32.3216,2.5434,0.0602,0.066
4178.1984,8.6288,35.2387,2.5468,0.0589,0.0647
4178.046,8.6287,35.6404,2.5472,0.0558,0.0617
4177.8936,8.6174,35.5821,2.5486,0.054,0.0599
4177.7412,8.6104,36.0488,2.543,0.055,0.0602
4177.5888,8.6087,38.4877,2.5344,0.0545,0.0594
4177.4364,8.5974,40.103,2.5279,0.0534,0.0588
4177.284,8.597,39.2933,2.5204,0.0557,0.0613
4177.1316,8.5829,35.4609,2.5243,0.0583,0.0636
4176.9792,8.5713,33.4372,2.5269,0.0583,0.0643
4176.8268,8.5737,32.3799,2.515,0.0617,0.0681
4176.6744,8.5984,30.338,2.5062,0.061,0.0667
4176.522,8.5971,30.0462,2.5085,0.0632,0.0689
4176.3696,8.5978,28.2376,2.5193,0.0592,0.0649
4176.2172,8.5974,30.0827,2.5046,0.0584,0.0639
4176.0648,8.5983,29.2207,2.4929,0.061,0.0667
4175.9124,8.5956,28.0539,2.4827,0.0679,0.0742
4175.76,8.5781,27.4941,2.5011,0.0721,0.0786
4175.6076,8.5755,27.1892,2.5102,0.0744,0.081
4175.4552,8.5648,28.3561,2.5259,0.0708,0.0779
4175.3028,8.5641,28.9761,2.5165,0.0704,0.0785
4175.1504,8.5644,30.7847,2.5113,0.0777,0.0858
4174.998,8.5635,30.8253,2.5096,0.077,0.0838
4174.8456,8.5646,29.5873,2.5227,0.0711,0.0784
4174.6932,8.5751,27.2518,2.5222,0.0649,0.0718
4174.5408,8.5942,27.6124,2.5308,0.0636,0.0697
4174.3884,8.6036,28.0536,2.5233,0.0632,0.0693
4174.236,8.6043,28.5223,2.5282,0.0586,0.0657
4174.0836,8.6031,27.4208,2.5185,0.0602,0.0664
4173.9312,8.6042,26.5457,2.5231,0.0633,0.0694
4173.7788,8.604,27.1875,2.5237,0.0661,0.0724
4173.6264,8.5905,26.6659,2.5228,0.0628,0.0688
4173.474,8.5649,26.356,2.5273,0.0585,0.0646
4173.3216,8.5644,26.0774,2.5383,0.058,0.0645
4173.1692,8.5631,27.2796,2.5398,0.0591,0.0653
4173.0168,8.5635,28.348,2.5389,0.0574,0.0628
4172.8644,8.5696,27.343,2.5323,0.0577,0.0631
4172.712,8.5899,28.296,2.521,0.0585,0.0638
4172.5596,8.6037,26.9424,2.5179,0.0622,0.0677
4172.4072,8.605,27.8176,2.5256,0.0624,0.0683
4172.2548,8.6039,28.0668,2.5246,0.0653,0.0721
4172.1024,8.6048,28.8479,2.524,0.0605,0.0672
4171.95,8.606,28.3119,2.5177,0.0599,0.0671
4171.7976,8.6073,26.2681,2.5145,0.063,0.0706
4171.6452,8.6043,26.0521,2.5053,0.0624,0.0707
4171.4928,8.624,27.2299,2.509,0.0657,0.0733
4171.3404,8.6366,27.9959,2.5086,0.0636,0.0723
4171.188,8.6382,27.2745,2.5149,0.0626,0.0712
4171.0356,8.6348,26.1077,2.51,0.065,0.0733
4170.8832,8.6326,24.9209,2.5059,0.069,0.0768
4170.7308,8.6227,26.1062,2.5081,0.0662,0.0736
4170.5784,8.5995,27.0811,2.5064,0.0655,0.0721
4170.426,8.5964,27.8024,2.5062,0.0613,0.0679
4170.2736,8.5978,28.6609,2.5099,0.0608,0.0671
4170.1212,8.5965,27.1609,2.5098,0.064,0.0698
4169.9688,8.5979,26.4378,2.5148,0.0632,0.0694
4169.8164,8.6166,25.2621,2.5108,0.0641,0.0704
4169.664,8.6378,25.8456,2.5188,0.0637,0.0699
4169.5116,8.6365,27.1698,2.5109,0.0682,0.0749
4169.3592,8.6377,25.8753,2.5175,0.0669,0.0741
4169.2068,8.6187,24.2963,2.5099,0.0688,0.0759
4169.0544,8.6043,23.6351,2.5192,0.0687,0.0757
4168.902,8.6189,23.2959,2.5137,0.0706,0.0776
4168.7496,8.6323,24.661,2.503,0.0656,0.0718
4168.5972,8.6311,23.9981,2.4834,0.0605,0.0673
4168.4448,8.6312,24.8148,2.4611,0.0611,0.0678
4168.2924,8.6249,27.9406,2.4556,0.0651,0.0731
4168.14,8.634,40.0246,2.4694,0.0793,0.0876
4167.9876,8.6568,47.8534,2.5013,0.0933,0.103
4167.8352,8.6637,46.498,2.5412,0.1126,0.1227
4167.6828,8.7034,33.4878,2.5433,0.1055,0.1165
4167.5304,8.8251,24.4922,2.5237,0.086,0.0963
4167.378,8.8951,22.4814,2.516,0.0616,0.0719
4167.2256,8.9616,25.2162,2.4912,0.0522,0.0603
4167.0732,8.7192,27.7744,2.4889,0.0531,0.0595
4166.9208,8.6296,27.2935,2.4875,0.0588,0.0652
4166.7684,8.6268,24.2244,2.4934,0.0611,0.0671
4166.616,9.1689,23.1811,2.4852,0.0641,0.0697
4166.4636,9.9948,27.9524,2.4777,0.0619,0.0677
4166.3112,10.2002,35.7067,2.4746,0.0646,0.0703
4166.1588,9.9553,37.7116,2.4878,0.072,0.078
4166.0064,8.9706,34.7437,2.5162,0.0831,0.0902
4165.854,8.6502,29.3001,2.517,0.0884,0.096
4165.7016,8.6286,26.1143,2.5302,0.0832,0.0909
4165.5492,8.6461,24.4312,2.5235,0.0785,0.0869
4165.3968,8.8125,24.3765,2.5482,0.0725,0.0808
4165.2444,8.9478,26.1973,2.5731,0.0696,0.0765
4165.092,8.9469,27.5629,2.5993,0.0667,0.074
4164.9396,9.1738,26.7571,2.6035,0.0638,0.0716
4164.7872,9.211,26.2212,2.6245,0.0651,0.0724
4164.6348,9.1959,25.5768,2.6178,0.0632,0.07
4164.4824,9.1319,26.5311,2.5782,0.0619,0.0692
4164.33,9.0715,25.4867,2.542,0.0563,0.0627
4164.1776,8.8755,26.208,2.5377,0.059,0.0649
4164.0252,8.6278,25.6457,2.5238,0.0598,0.0658
4163.8728,8.5568,26.2022,2.4997,0.0616,0.0674
4163.7204,8.5453,24.5792,2.5123,0.0658,0.072
4163.568,8.6186,23.9994,2.5097,0.0686,0.0751
4163.4156,8.6924,24.6186,2.5056,0.0628,0.0695
4163.2632,8.6963,24.0175,2.4811,0.0581,0.0647
4163.1108,8.7027,23.6657,2.4727,0.059,0.0662
4162.9584,8.7646,22.4806,2.4615,0.0607,0.0673
4162.806,9.0155,23.803,2.4711,0.0608,0.0672
4162.6536,8.946,24.7146,2.46,0.0668,0.0732
4162.5012,8.8088,28.8639,2.4464,0.0694,0.0765
4162.3488,8.9947,34.4542,2.4638,0.0686,0.0758
4162.1964,8.9149,36.168,2.5142,0.0737,0.0817
4162.044,8.722,33.7112,2.5311,0.0832,0.0923
4161.8916,8.5572,29.0951,2.5133,0.0889,0.0988
4161.7392,8.466,31.1954,2.4899,0.085,0.0945
4161.5868,8.4719,41.8897,2.4794,0.0792,0.0889
4161.4344,8.512,50.3529,2.3729,0.0785,0.0882
4161.282,8.6718,49.6382,2.3283,0.0907,0.1003
4161.1296,8.7534,39.9929,2.3427,0.109,0.1176
4160.9772,8.6833,33.6813,2.4219,0.1096,0.1177
4160.8248,8.66,33.8709,2.4464,0.0964,0.1039
4160.6724,8.5863,33.3063,2.453,0.0796,0.0863
4160.52,8.661,30.3379,2.4605,0.075,0.0809
4160.3676,8.7752,26.4873,2.474,0.0706,0.0763
4160.2152,8.7238,23.7452,2.4758,0.0723,0.0785
4160.0628,8.8081,22.566,2.4916,0.0666,0.0731
4159.9104,8.8221,22.0118,2.5067,0.0633,0.0713
4159.758,8.8857,21.8631,2.5299,0.0638,0.0717
4159.6056,9.1143,21.6226,2.5491,0.0634,0.0709
4159.4532,9.4802,22.2352,2.5323,0.0597,0.067
4159.3008,9.4528,23.8425,2.5502,0.0578,0.0654
4159.1484,9.347,25.4655,2.5275,0.0605,0.0672
4158.996,9.3338,25.6405,2.497,0.058,0.0649
4158.8436,9.1654,25.6988,2.4939,0.0603,0.0668
4158.6912,8.8008,25.2781,2.5159,0.0553,0.0611
4158.5388,8.6232,25.0483,2.5165,0.058,0.0634
4158.3864,8.5588,25.5584,2.5056,0.0589,0.0643
4158.234,8.558,26.0392,2.5029,0.0651,0.0702
4158.0816,8.5587,25.1958,2.5012,0.0613,0.067
4157.9292,8.5575,24.219,2.5136,0.0647,0.0707
4157.7768,8.5581,23.0271,2.5286,0.0643,0.0706
4157.6244,8.5585,23.2252,2.5298,0.0597,0.066
4157.472,8.5587,22.1485,2.5263,0.0579,0.064
4157.3196,8.5578,21.7775,2.5288,0.0577,0.0633
4157.1672,8.5598,21.4311,2.5193,0.0608,0.0668
4157.0148,8.6445,21.7569,2.5004,0.0602,0.0669
4156.8624,8.8756,22.9591,2.4678,0.0635,0.07
4156.71,8.8851,23.2878,2.4535,0.0646,0.0711
4156.5576,8.8442,24.0387,2.4497,0.0676,0.0739
4156.4052,8.9265,21.8023,2.445,0.0684,0.0743
4156.2528,9.0393,22.4034,2.4471,0.0665,0.0719
4156.1004,9.078,22.9868,2.4445,0.0611,0.0663
4155.948,9.0164,26.0047,2.4463,0.0585,0.064
4155.7956,8.9346,26.8365,2.4884,0.0537,0.059
4155.6432,8.6849,25.9501,2.5253,0.0534,0.0586
4155.4908,9.0162,23.3052,2.5376,0.0565,0.062
4155.3384,9.4366,21.1315,2.5327,0.066,0.0723
4155.186,9.3923,21.0792,2.5584,0.069,0.075
4155.0336,9.2711,22.3397,2.5366,0.0623,0.0692
4154.8812,9.0866,22.5481,2.5151,0.0567,0.0643
4154.7288,9.346,22.1273,2.507,0.0588,0.0658
4154.5764,9.1626,21.1673,2.5255,0.0608,0.0681
4154.424,9.124,20.8131,2.4987,0.0614,0.0697
4154.2716,9.4361,20.1344,2.4554,0.0612,0.0696
4154.1192,9.532,19.7738,2.4203,0.0559,0.0642
4153.9668,9.4025,20.9609,2.4491,0.0551,0.0637
4153.8144,9.0426,23.2909,2.4829,0.0566,0.0643
4153.662,9.0257,24.8449,2.4691,0.0619,0.0693
4153.5096,9.1681,24.692,2.4578,0.066,0.0735
4153.3572,9.036,23.4085,2.493,0.0731,0.081
4153.2048,8.9004,22.8162,2.4872,0.0761,0.0841
4153.0524,9.4458,23.45,2.4635,0.0786,0.0869
4152.9,9.766,23.8073,2.4419,0.0742,0.0822
4152.7476,9.8928,27.0214,2.4567,0.0739,0.0813
4152.5952,9.7987,31.3493,2.4707,0.0764,0.084
4152.4428,9.3937,32.0421,2.4561,0.0843,0.0917
4152.2904,9.7343,26.9116,2.3868,0.0794,0.0864
4152.138,11.0389,21.4399,2.3966,0.0666,0.0739
4151.9856,11.3767,20.0397,2.4068,0.0622,0.0689
4151.8332,11.2727,20.3331,2.3239,0.0604,0.0665
4151.6808,11.1196,21.3567,2.2007,0.0632,0.0691
4151.5284,10.8568,21.1343,2.1632,0.0653,0.0719
4151.376,10.482,22.314,2.2606,0.0722,0.0799
4151.2236,10.59,23.3077,2.3127,0.0845,0.0937
4151.0712,10.1634,32.1648,2.3756,0.0879,0.097
4150.9188,10.518,51.603,2.3668,0.0802,0.0897
4150.7664,10.4065,89.5219,2.4065,0.0693,0.0778
4150.614,10.304,129.3699,2.3297,0.068,0.0759
4150.4616,9.979,159.6248,2.2629,0.0871,0.0954
4150.3092,9.8198,174.1521,2.3472,0.1078,0.1163
4150.1568,8.7155,179.2703,2.503,0.1228,0.1317
4150.0044,8.4516,177.8082,2.7143,0.1133,0.1257
4149.852,8.4525,171.3397,2.738,0.1172,0.1299
4149.6996,8.4523,165.1239,2.7174,0.1196,0.1299
4149.5472,8.4523,160.8101,2.7346,0.1234,0.1331
4149.3948,8.4514,158.7023,2.7957,0.1138,0.1246
4149.2424,8.4504,156.6494,2.8286,0.1158,0.1268
4149.09,8.4411,159.9165,2.7903,0.1086,0.121
4148.9376,8.4417,158.0496,2.7383,0.1093,0.123
4148.7852,8.4457,155.4383,2.727,0.1051,0.1182
4148.6328,8.4482,153.338,2.7227,0.1012,0.1136
4148.4804,8.451,156.153,2.7207,0.0922,0.1028
4148.328,8.4501,167.7659,2.7235,0.0899,0.1012
4148.1756,8.4511,177.046,2.7332,0.099,0.1109
4148.0232,8.4528,181.667,2.766,0.1177,0.1292
4147.8708,8.452,184.6609,2.7577,0.1355,0.1467
4147.7184,8.4502,185.7074,2.7408,0.1389,0.1533
4147.566,8.4521,189.5899,2.7206,0.1438,0.1577
4147.4136,8.452,186.6374,2.7066,0.1467,0.1589
4147.2612,8.4521,180.278,2.7401,0.1544,0.1663
4147.1088,8.4494,169.4228,2.7685,0.1492,0.1616
4146.9564,8.4499,161.4468,2.785,0.1384,0.1497
4146.804,8.4524,159.011,2.7365,0.1273,0.1396
4146.6516,8.4474,164.3608,2.711,0.1229,0.1359
4146.4992,8.4496,165.0104,2.7003,0.1246,0.1366
4146.3468,8.4496,167.4674,2.7339,0.1305,0.1415
4146.1944,8.4524,170.2891,2.7605,0.1348,0.1469
4146.042,8.4526,171.4312,2.7765,0.1287,0.1399
4145.8896,8.4524,174.5021,2.7356,0.1249,0.1371
4145.7372,8.4515,167.9536,2.7767,0.1368,0.1484
4145.5848,8.4528,161.2348,2.7979,0.138,0.1485
4145.4324,8.4516,154.3431,2.8007,0.1254,0.1355
4145.28,8.4517,156.0018,2.7353,0.1112,0.1223
4145.1276,8.4526,161.5785,2.7365,0.1154,0.1255
4144.9752,8.4534,159.8938,2.7472,0.1245,0.1343
4144.8228,8.4517,159.8246,2.754,0.1178,0.1292
4144.6704,8.4532,163.007,2.7711,0.125,0.1373
4144.518,8.4522,163.944,2.785,0.1315,0.1451
4144.3656,8.4527,167.5241,2.7588,0.1275,0.142
4144.2132,8.4516,166.9715,2.722,0.1174,0.1328
4144.0608,8.4471,172.6782,2.6954,0.1183,0.136
4143.9084,8.4251,172.3288,2.6888,0.1364,0.1518
4143.756,8.4226,169.966,2.6865,0.1459,0.1601
4143.6036,8.4307,169.6815,2.6924,0.1357,0.1528
4143.4512,8.4382,161.0144,2.7045,0.1284,0.1482
4143.2988,8.4403,157.2804,2.7319,0.1378,0.1557
4143.1464,8.4402,150.5127,2.7323,0.1481,0.1635
4142.994,8.4404,146.4102,2.7285,0.1228,0.1365
4142.8416,8.457,139.5513,2.7437,0.1092,0.1229
4142.6892,8.46,141.4164,2.75,0.1179,0.1296
4142.5368,8.4585,149.103,2.7492,0.1542,0.1628
4142.3844,8.4593,160.631,2.7867,0.1704,0.1784
4142.232,8.4527,157.7741,2.8096,0.1676,0.1789
4142.0796,8.4487,130.922,2.7049,0.1626,0.1746
4141.9272,8.5612,90.1389,2.5824,0.1706,0.18
4141.7748,10.0075,53.3831,2.4238,0.1209,0.1286
4141.6224,10.6709,40.9456,2.3159,0.0698,0.0784
4141.47,10.7817,53.5137,2.279,0.0472,0.0557
4141.3176,10.7332,86.6595,2.2924,0.06,0.0682
4141.1652,10.4953,125.9717,2.2369,0.0964,0.1034
4141.0128,9.665,145.2904,2.3064,0.1148,0.1238
4140.8604,8.9469,146.2749,2.3295,0.1282,0.139
4140.708,8.6437,122.3174,2.2555,0.1074,0.1217
4140.5556,9.6281,92.3559,2.1087,0.0921,0.1081
4140.4032,9.6971,58.8673,2.1028,0.0776,0.0954
4140.2508,9.5843,43.7531,2.0533,0.0785,0.0929
4140.0984,10.0062,51.1964,2.1126,0.0624,0.0775
4139.946,13.9067,63.988,2.1064,0.0549,0.0746
4139.7936,13.6625,75.2287,2.2412,0.0704,0.0934
4139.6412,12.9358,66.4293,2.2173,0.1138,0.1355
4139.4888,12.873,51.5957,2.2616,0.1198,0.1443
4139.3364,13.2857,43.159,2.3167,0.0868,0.1223
4139.184,12.6573,58.9256,2.4144,0.0821,0.1198
4139.0316,12.3761,65.216,2.3667,0.1225,0.1498
4138.8792,12.3315,62.4722,2.2578,0.1256,0.1471
4138.7268,11.7328,44.8828,2.2413,0.1037,0.1235
4138.5744,10.3259,39.7405,2.2948,0.0752,0.0939
4138.422,9.8786,41.8444,2.4394,0.0773,0.0912
4138.2696,9.9689,48.4759,2.5339,0.084,0.0955
4138.1172,9.9474,50.4784,2.5497,0.0946,0.1056
4137.9648,10.1956,50.0682,2.5032,0.092,0.1041
4137.8124,10.3555,45.6801,2.5087,0.0801,0.0945
4137.66,9.99,44.8633,2.5238,0.0806,0.0944
4137.5076,9.8255,40.1303,2.5295,0.0732,0.087
4137.3552,9.5582,37.8228,2.5505,0.0695,0.0816
4137.2028,9.5393,49.5788,2.5563,0.0722,0.0845
4137.0504,9.8668,55.5636,2.4883,0.0932,0.1057
4136.898,9.8919,53.7835,2.4083,0.1207,0.1319
4136.7456,9.7163,38.5853,2.3544,0.1157,0.1266
4136.5932,9.3783,31.2077,2.3824,0.1041,0.1157
4136.4408,9.2337,29.2841,2.4432,0.0841,0.096
4136.2884,9.4962,29.4592,2.4939,0.0789,0.0889
4136.136,9.0052,29.2404,2.5062,0.0748,0.0838
4135.9836,9.0599,28.9767,2.5086,0.0753,0.0833
4135.8312,9.2745,30.3623,2.4987,0.0715,0.0793
4135.6788,9.0793,31.5269,2.4991,0.0725,0.081
4135.5264,9.1681,36.5394,2.5097,0.0743,0.0828
4135.374,9.4259,42.0965,2.5158,0.081,0.0898
4135.2216,9.1886,44.2004,2.5301,0.0807,0.0906
4135.0692,8.8787,41.9639,2.5339,0.0891,0.0993
4134.9168,8.8391,35.6046,2.5586,0.0923,0.1034
4134.7644,8.8732,35.6215,2.6067,0.0929,0.1058
4134.612,8.9562,35.1511,2.6107,0.0878,0.1014
4134.4596,9.3153,36.0773,2.5549,0.0876,0.1005
4134.3072,9.3775,35.2094,2.5484,0.0801,0.0931
4134.1548,9.3925,34.1629,2.554,0.0823,0.0958
4134.0024,9.3968,33.9863,2.5361,0.0867,0.1002
4133.85,9.1294,33.9462,2.518,0.0879,0.1018
4133.6976,9.0906,35.2298,2.5148,0.084,0.0992
4133.5452,9.0652,34.4218,2.5008,0.0788,0.0954
4133.3928,9.1806,33.1601,2.4711,0.0808,0.0968
4133.2404,9.0686,30.9375,2.4651,0.0839,0.0974
4133.088,9.0226,30.3103,2.4753,0.0867,0.0982
4132.9356,8.9859,28.8564,2.4792,0.0826,0.0926
4132.7832,8.9358,28.2592,2.4798,0.0803,0.09
4132.6308,8.8596,28.4196,2.4754,0.0866,0.0956
4132.4784,8.8344,29.8983,2.4718,0.0921,0.1014
4132.326,8.8057,30.7929,2.5187,0.0917,0.1012
4132.1736,8.7901,32.2515,2.5335,0.0848,0.0953
4132.0212,8.783,43.5706,2.5149,0.087,0.097
4131.8688,9.9683,49.7361,2.5134,0.0858,0.0983
4131.7164,10.4807,50.9066,2.5715,0.0767,0.092
4131.564,10.4597,48.3876,2.5435,0.0886,0.1072
4131.4116,10.6501,65.9675,2.5245,0.111,0.131
4131.2592,10.3644,70.8646,2.5095,0.1332,0.1577
4131.1068,9.4913,63.198,2.5333,0.1177,0.1441
4130.9544,9.3243,37.6563,2.5304,0.0937,0.1231
4130.802,9.3305,27.4464,2.5281,0.0834,0.1102
4130.6496,9.7369,25.1723,2.5247,0.0703,0.0976
4130.4972,10.0571,25.1855,2.5236,0.0687,0.0937
4130.3448,10.1131,25.7331,2.527,0.0689,0.0938
4130.1924,10.0411,25.0184,2.5149,0.0714,0.095
4130.04,9.8152,24.5244,2.5041,0.0724,0.0965
4129.8876,9.1888,32.1447,2.479,0.0726,0.0969
4129.7352,9.12,65.6916,2.4902,0.0738,0.0995
4129.5828,9.1268,106.206,2.5705,0.0842,0.1131
4129.4304,9.0447,134.5605,2.6768,0.115,0.1422
4129.278,9.0412,131.7928,2.6687,0.1282,0.1531
4129.1256,8.938,113.2826,2.5754,0.117,0.1395
4128.9732,8.9061,79.7794,2.5093,0.097,0.1164
4128.8208,8.8643,48.475,2.4834,0.0874,0.1031
4128.6684,8.831,26.1226,2.4872,0.0835,0.0954
4128.516,8.7883,23.1034,2.4912,0.0763,0.0847
4128.3636,8.7636,24.5036,2.5013,0.0689,0.0761
4128.2112,8.7511,24.6114,2.4942,0.063,0.0701
4128.0588,8.7503,24.7865,2.4869,0.0653,0.072
4127.9064,8.7512,22.9054,2.4833,0.0692,0.0767
4127.754,8.7629,21.9041,2.475,0.0748,0.0844
4127.6016,8.7989,20.2851,2.4856,0.0761,0.0901
4127.4492,8.8306,18.9104,2.4804,0.0858,0.1012
4127.2968,8.8298,19.6711,2.4582,0.0805,0.0989
4127.1444,8.8226,25.6658,2.4512,0.0796,0.1007
4126.992,8.8106,42.7895,2.4332,0.0735,0.1008
4126.8396,8.809,57.6244,2.4305,0.0915,0.1193
4126.6872,9.1212,68.1261,2.3392,0.1195,0.156
4126.5348,9.1371,65.6014,2.2529,0.1409,0.1872
4126.3824,9.323,63.0892,2.2487,0.1348,0.2057
4126.23,9.6863,66.2414,2.3292,0.0961,0.1922
4126.0776,10.0478,76.022,2.403,0.1044,0.1975
4125.9252,10.3869,84.7587,2.4641,0.1079,0.2016
4125.7728,11.3362,79.6493,2.4332,0.1137,0.1966
4125.6204,11.2608,69.2022,2.4056,0.0862,0.1778
4125.468,11.2061,64.378,2.3469,0.0874,0.1754
4125.3156,11.2168,77.3619,2.3295,0.0788,0.1736
4125.1632,11.0779,95.098,2.2255,0.0973,0.1777
4125.0108,10.8516,110.2087,2.2159,0.1066,0.1793
4124.8584,9.4969,115.4595,2.2633,0.1233,0.1816
4124.706,9.0518,105.7163,2.4502,0.1096,0.1565
4124.5536,8.9059,77.917,2.4899,0.0935,0.1283
4124.4012,8.8542,47.5607,2.4819,0.0727,0.1009
4124.2488,8.7959,28.3227,2.4964,0.0627,0.0856
4124.0964,8.7552,26.309,2.4943,0.0605,0.0811
4123.944,8.7548,27.8442,2.487,0.0632,0.0809
4123.7916,8.7973,29.8128,2.4846,0.0626,0.08
4123.6392,8.8423,30.6844,2.4798,0.067,0.0845
4123.4868,8.8736,30.0426,2.4756,0.0716,0.0914
4123.3344,8.8412,28.4444,2.4634,0.0754,0.0952
4123.182,8.8085,31.2094,2.4551,0.0813,0.1023
4123.0296,8.8219,29.6982,2.4606,0.0851,0.1036
4122.8772,8.8116,31.4394,2.4786,0.0809,0.1009
4122.7248,8.8186,29.1552,2.4986,0.0711,0.0896
4122.5724,8.8273,41.551,2.5143,0.0767,0.0931
4122.42,8.82,70.8126,2.5355,0.0938,0.1114
4122.2676,8.8413,104.3542,2.5735,0.1317,0.1502
4122.1152,8.9246,116.865,2.529,0.1631,0.1793
4121.9628,9.1414,96.0208,2.4487,0.1349,0.1587
4121.8104,9.3835,74.8019,2.4674,0.0883,0.1256
4121.658,9.7,61.4132,2.4451,0.0786,0.1182
4121.5056,9.6252,54.9795,2.4682,0.1012,0.1341
4121.3532,9.5818,42.6061,2.5119,0.1033,0.135
4121.2008,9.2498,31.9859,2.5674,0.0867,0.1201
4121.0484,9.1032,26.9421,2.5235,0.0738,0.1034
4120.896,9.1272,24.6486,2.5047,0.0785,0.1011
4120.7436,9.0869,24.3869,2.5056,0.0693,0.0869
4120.5912,9.4324,24.6238,2.5114,0.0608,0.074
4120.4388,9.0182,28.2304,2.503,0.0557,0.067
4120.2864,8.8774,34.2871,2.4818,0.0587,0.0687
4120.134,8.8769,47.6685,2.4704,0.0694,0.0786
4119.9816,8.8207,47.7812,2.5088,0.0694,0.0796
4119.8292,8.8117,42.8277,2.4999,0.0727,0.0877
4119.6768,8.8116,30.1076,2.4941,0.0927,0.1107
4119.5244,9.0667,27.6134,2.5061,0.092,0.1104
4119.372,9.0031,29.2965,2.5331,0.0641,0.087
4119.2196,9.1221,37.4415,2.5351,0.0414,0.0731
4119.0672,9.1509,49.7918,2.5297,0.0498,0.0827
4118.9148,9.0465,60.6869,2.554,0.08,0.1119
4118.7624,9.2276,68.3335,2.5491,0.092,0.1323
4118.61,9.1356,74.2337,2.5292,0.0933,0.1348
4118.4576,8.9397,68.7486,2.5273,0.0728,0.1123
4118.3052,8.8421,51.9422,2.5022,0.066,0.0998
4118.1528,8.9567,33.0074,2.4785,0.0638,0.0926
4118.0004,8.9256,24.4028,2.4629,0.0731,0.0975
4117.848,8.8593,25.7182,2.4674,0.0736,0.0971
4117.6956,8.877,24.8052,2.4636,0.0721,0.0954
4117.5432,8.9099,26.4352,2.4655,0.0779,0.1024
4117.3908,8.9878,28.4886,2.456,0.0805,0.1075
4117.2384,8.9151,33.1378,2.4457,0.0818,0.1106
4117.086,8.8566,35.1834,2.4434,0.0891,0.1183
4116.9336,8.8108,36.1355,2.45,0.089,0.1152
4116.7812,8.7959,33.8419,2.4623,0.0896,0.1087
4116.6288,8.7523,31.3173,2.4669,0.0709,0.0909
4116.4764,8.8213,30.4386,2.4714,0.0659,0.0867
4116.324,8.8698,30.4386,2.4843,0.0727,0.0953
4116.1716,8.9199,29.8918,2.4956,0.0842,0.1102
4116.0192,8.9578,27.4508,2.5051,0.0818,0.1175
4115.8668,8.9566,27.0789,2.5002,0.0753,0.1155
4115.7144,8.9445,28.1667,2.4897,0.0725,0.1132
4115.562,8.8867,28.3606,2.4806,0.0768,0.1149
4115.4096,8.8758,27.7407,2.4762,0.0715,0.1118
4115.2572,8.8767,26.9593,2.501,0.073,0.1188
4115.1048,8.8695,30.6066,2.5095,0.0755,0.1296
4114.9524,8.8457,36.3095,2.5443,0.0923,0.1502
4114.8,8.8163,41.2502,2.543,0.0893,0.1546
4114.6476,8.8209,42.6541,2.5449,0.0814,0.1395
4114.4952,8.9639,44.4518,2.5349,0.0691,0.123
4114.3428,9.0168,47.2653,2.5166,0.0686,0.1088
4114.1904,9.0105,43.4111,2.4888,0.0706,0.1055
4114.038,9.0043,38.0107,2.4871,0.0718,0.1037
4113.8856,8.9801,33.2019,2.4885,0.0733,0.1019
4113.7332,8.9434,41.262,2.521,0.0624,0.0905
4113.5808,9.0075,57.6344,2.5525,0.0479,0.0814
4113.4284,8.9862,77.7864,2.5396,0.0671,0.1041
4113.276,8.8755,93.291,2.536,0.1094,0.141
4113.1236,8.8096,91.3693,2.522,0.1124,0.1501
4112.9712,8.8294,66.6613,2.5009,0.0696,0.1117
4112.8188,8.7717,42.3205,2.4925,0.0496,0.0881
4112.6664,8.7541,26.2945,2.483,0.0422,0.0777
4112.514,8.7553,30.0691,2.471,0.0523,0.0867
4112.3616,8.7709,29.2877,2.4529,0.0725,0.1024
4112.2092,8.7682,30.9942,2.4554,0.0833,0.1121
4112.0568,8.8004,28.7798,2.4517,0.0802,0.1094
4111.9044,8.8308,31.3401,2.4689,0.0822,0.1062
4111.752,8.8304,37.601,2.5074,0.0907,0.1084
4111.5996,8.8338,63.6191,2.5834,0.0882,0.1034
4111.4472,8.8986,91.1458,2.612,0.0935,0.1098
4111.2948,9.0199,100.2356,2.5478,0.0903,0.1063
4111.1424,9.6177,86.4845,2.5049,0.0835,0.1028
4110.99,10.7743,71.3049,2.4731,0.0642,0.094
4110.8376,10.8844,63.8887,2.4801,0.0601,0.0977
4110.6852,10.631,61.7767,2.5296,0.0704,0.1071
4110.5328,10.0065,59.2239,2.5557,0.061,0.1039
4110.3804,9.9309,60.2157,2.5362,0.0621,0.1122
4110.228,10.5037,58.0458,2.5048,0.0885,0.1384
4110.0756,10.0409,47.3071,2.5283,0.1096,0.1596
4109.9232,9.7707,34.7365,2.5319,0.1039,0.1669
4109.7708,9.6291,26.3812,2.5096,0.0795,0.162
4109.6184,9.6844,23.9838,2.5376,0.097,0.1701
4109.466,9.6967,23.2888,2.5529,0.0906,0.1554
4109.3136,9.4862,23.2112,2.5663,0.0716,0.1268
4109.1612,9.3654,28.7846,2.5709,0.0663,0.105
4109.0088,9.2293,48.683,2.5897,0.0503,0.0783
4108.8564,9.6403,73.5862,2.5845,0.0428,0.0737
4108.704,10.1901,95.1226,2.542,0.0591,0.0914
4108.5516,10.1783,91.6841,2.4953,0.1026,0.1307
4108.3992,9.7069,76.2357,2.5032,0.1158,0.1463
4108.2468,8.8671,51.5904,2.4918,0.0768,0.1223
4108.0944,8.9133,37.4241,2.4586,0.0702,0.1073
4107.942,8.8116,29.0571,2.4586,0.0796,0.1112
4107.7896,8.7765,28.7566,2.4755,0.0826,0.1133
4107.6372,8.7216,28.4466,2.482,0.0821,0.1118
4107.4848,8.662,27.3763,2.4984,0.0892,0.1104
4107.3324,8.5861,27.4965,2.496,0.0769,0.0955
4107.18,8.5926,27.7372,2.4952,0.0711,0.0865
4107.0276,8.6488,28.5328,2.4987,0.0666,0.0814
4106.8752,8.6587,28.7225,2.5084,0.0782,0.0913
4106.7228,8.661,28.8763,2.5107,0.074,0.0879
4106.5704,8.6583,27.6153,2.5071,0.0657,0.0809
4106.418,8.6589,23.914,2.5078,0.0576,0.0752
4106.2656,8.6378,21.7219,2.4989,0.0571,0.075
4106.1132,8.5312,20.846,2.4968,0.0653,0.0822
4105.9608,8.5074,22.4397,2.494,0.0741,0.0907
4105.8084,8.5066,24.9193,2.5064,0.0758,0.0922
4105.656,8.5064,29.9149,2.5175,0.071,0.0871
4105.5036,8.5645,44.0483,2.5074,0.0759,0.0914
4105.3512,8.7009,51.2928,2.48,0.0829,0.1008
4105.1988,8.7465,56.1954,2.5328,0.0857,0.1054
4105.0464,8.8073,52.754,2.5492,0.0666,0.0947
4104.894,8.946,52.2551,2.5516,0.0805,0.1172
4104.7416,9.6472,47.4249,2.5589,0.0998,0.1491
4104.5892,9.9171,44.3011,2.5072,0.1307,0.1871
4104.4368,9.0891,41.4759,2.4426,0.0964,0.1909
4104.2844,8.8325,42.6782,2.4585,0.1094,0.2029
4104.132,8.6712,35.3578,2.5094,0.1683,0.1911
4103.9796,8.5598,29.0559,2.5109,0.1,0.1155
4103.8272,8.4862,21.102,2.5172,0.0654,0.0746
4103.6748,8.4242,19.8622,2.5021,0.0535,0.0587
4103.5224,8.4461,18.7104,2.5089,0.0605,0.0649
4103.37,8.4248,19.7742,2.5264,0.0635,0.068
4103.2176,8.4016,20.7551,2.5342,0.0671,0.0716
4103.0652,8.4201,22.2578,2.5297,0.0684,0.073
4102.9128,8.4515,27.217,2.5215,0.0632,0.068
4102.7604,8.4386,34.1087,2.5205,0.057,0.062
4102.608,8.5044,43.42,2.5115,0.0626,0.0695
4102.4556,8.6873,43.9879,2.5089,0.071,0.0817
4102.3032,8.9724,39.0907,2.503,0.0751,0.0911
4102.1508,8.928,33.4837,2.5077,0.0741,0.0939
4101.9984,8.8062,28.9561,2.4925,0.0714,0.0926
4101.846,8.7739,26.3197,2.4914,0.0765,0.0938
4101.6936,8.7283,24.2741,2.5042,0.0751,0.0871
4101.5412,8.6981,30.5256,2.5364,0.0706,0.0815
4101.3888,8.7307,49.293,2.5461,0.0746,0.0855
4101.2364,8.8836,71.599,2.5091,0.0894,0.1019
4101.084,9.5831,85.9823,2.4441,0.1118,0.1273
4100.9316,9.9063,78.9436,2.4385,0.1016,0.1283
4100.7792,9.8383,59.908,2.4719,0.089,0.1186
4100.6268,9.4208,40.776,2.4977,0.0831,0.108
4100.4744,9.0743,31.3173,2.4979,0.069,0.0922
4100.322,9.0036,27.8309,2.4971,0.0626,0.0826
4100.1696,8.9653,25.9487,2.5042,0.0642,0.081
4100.0172,9.052,24.0174,2.513,0.0634,0.0771
4099.8648,9.0291,24.4634,2.5142,0.0533,0.0687
4099.7124,9.167,30.5863,2.513,0.0542,0.0675
4099.56,9.0855,38.2769,2.5053,0.061,0.0734
4099.4076,9.0802,47.3885,2.4948,0.0707,0.0835
4099.2552,9.2529,48.7981,2.4798,0.0799,0.0952
4099.1028,9.3005,44.4214,2.4764,0.0821,0.0989
4098.9504,9.0907,38.4704,2.4896,0.0834,0.1046
4098.798,9.389,34.0993,2.5052,0.0791,0.1045
4098.6456,9.2073,32.0652,2.5282,0.0776,0.1026
4098.4932,9.1373,28.6486,2.5319,0.0702,0.0908
4098.3408,9.0457,25.4252,2.5124,0.0552,0.0754
4098.1884,9.1534,26.567,2.4961,0.0491,0.0705
4098.036,9.2326,38.0384,2.4739,0.0521,0.0737
4097.8836,9.3415,63.0049,2.4488,0.0683,0.0893
4097.7312,9.5327,88.1216,2.4486,0.0654,0.0956
4097.5788,9.9919,96.3568,2.3174,0.0841,0.123
4097.4264,11.0162,86.0197,2.2431,0.1421,0.1789
4097.274,11.828,79.4056,2.2447,0.1585,0.2013
4097.1216,11.7073,78.6396,2.4223,0.0917,0.1721
4096.9692,11.4366,80.9952,2.5264,0.0424,0.1303
4096.8168,11.3666,76.502,2.3938,0.0416,0.1244
4096.6644,11.4599,77.5084,2.2765,0.0662,0.1519
4096.512,12.3272,84.3478,2.2921,0.1052,0.1947
4096.3596,12.6753,80.3073,2.3779,0.1555,0.2458
4096.2072,12.8806,65.3454,2.4354,0.175,0.2747
4096.0548,12.4628,43.8766,2.3591,0.2076,0.3066
4095.9024,11.5521,30.7182,2.3244,0.2154,0.3144
4095.75,12.1336,23.4573,2.3259,0.2245,0.3243
4095.5976,13.1291,22.8374,2.2617,0.2409,0.3432
4095.4452,13.2237,32.6296,2.0642,0.2835,0.3881
4095.2928,13.3231,52.4743,1.8799,0.3542,0.4315
4095.1404,13.6874,73.5323,1.8639,0.4079,0.4678
4094.988,12.6506,84.1117,1.9806,0.4262,0.4841
4094.8356,13.1545,69.9162,2.2209,0.3083,0.4022
4094.6832,13.0284,48.7003,2.3683,0.2346,0.3411
4094.5308,13.35,31.2082,2.3327,0.1794,0.2874
4094.3784,13.7421,27.8988,2.3748,0.1805,0.2891
4094.226,14.1,27.7708,2.4012,0.1962,0.3054
4094.0736,13.8955,25.1053,2.4585,0.2183,0.3271
4093.9212,13.6695,24.0175,2.4667,0.2344,0.3426
4093.7688,13.5315,22.5057,2.4262,0.2183,0.3262
4093.6164,13.7491,23.7455,2.3995,0.2165,0.3244
4093.464,13.6291,28.4264,2.4451,0.193,0.3006
4093.3116,13.3001,38.7045,2.4982,0.2059,0.3128
4093.1592,12.7442,57.5863,2.5404,0.208,0.3133
4093.0068,11.7888,66.849,2.5503,0.2165,0.3199
4092.8544,10.9776,59.8994,2.5392,0.2138,0.3007
4092.702,10.6524,39.1974,2.5023,0.1499,0.2321
4092.5496,10.5405,22.3255,2.478,0.0877,0.168
4092.3972,10.3294,17.6369,2.4574,0.0726,0.1427
4092.2448,10.2091,16.4347,2.4465,0.0779,0.1408
4092.0924,10.1202,16.8795,2.4476,0.0935,0.1463
4091.94,10.0797,17.1277,2.4607,0.0848,0.1322
4091.7876,9.9932,18.2485,2.4786,0.0821,0.1187
4091.6352,9.9072,19.5503,2.4886,0.0751,0.1012
4091.4828,9.8989,19.8562,2.4889,0.0803,0.0978
4091.3304,9.8399,19.9376,2.4786,0.0775,0.0914
4091.178,9.7292,20.1747,2.4735,0.071,0.0826
4091.0256,9.6162,20.7025,2.465,0.0708,0.0819
4090.8732,9.5341,21.5929,2.4682,0.0727,0.0841
4090.7208,9.5194,23.0108,2.4694,0.08,0.0928
4090.5684,9.4685,24.2246,2.4822,0.0839,0.0979
4090.416,9.4222,24.5966,2.4848,0.0831,0.0977
4090.2636,9.3858,22.0758,2.4762,0.0831,0.0949
4090.1112,9.3207,20.3811,2.4651,0.0831,0.0938
4089.9588,9.2031,18.9985,2.4722,0.0837,0.0932
4089.8064,9.1391,21.7933,2.4859,0.0808,0.0897
4089.654,9.0873,25.9409,2.5055,0.0807,0.0892
4089.5016,9.0193,29.1268,2.5056,0.0764,0.0849
4089.3492,8.8838,27.2278,2.493,0.0738,0.0821
4089.1968,8.8128,23.4952,2.473,0.0771,0.085
4089.0444,8.7556,20.668,2.4724,0.0811,0.089
4088.892,8.7534,20.886,2.4729,0.0832,0.0915
4088.7396,8.7697,20.8317,2.4706,0.081,0.0906
4088.5872,8.761,22.5769,2.4761,0.09,0.0999
4088.4348,8.7452,23.3207,2.4853,0.0864,0.0975
4088.2824,8.8141,23.2606,2.4857,0.0835,0.0942
4088.13,8.8278,21.6376,2.4711,0.0731,0.0843
4087.9776,8.8124,20.6758,2.4681,0.0802,0.0905
4087.8252,8.8136,21.0462,2.4716,0.077,0.087
4087.6728,8.818,21.3899,2.5228,0.0776,0.0872
4087.5204,8.8278,26.381,2.5855,0.0758,0.0865
4087.368,8.7941,31.6141,2.61,0.0776,0.0877
4087.2156,8.8001,34.3961,2.5648,0.0804,0.0903
4087.0632,8.7548,31.6911,2.5137,0.082,0.0914
4086.9108,8.6467,27.6506,2.5014,0.0753,0.0864
4086.7584,8.6265,24.1247,2.5004,0.0795,0.0901
4086.606,8.5993,22.4785,2.4983,0.085,0.0941
4086.4536,8.6073,22.5017,2.4887,0.0864,0.0943
4086.3012,8.6009,24.3154,2.4732,0.0727,0.0813
4086.1488,8.5883,25.6292,2.4696,0.0745,0.0815
4085.9964,8.569,25.3053,2.48,0.0785,0.0853
4085.844,8.5684,24.5017,2.4835,0.0803,0.0879
4085.6916,8.56,22.2683,2.4825,0.0791,0.087
4085.5392,8.5335,21.2465,2.4806,0.0746,0.0823
4085.3868,8.5293,21.8299,2.4796,0.0716,0.0797
4085.2344,8.5301,24.4972,2.4666,0.0688,0.0775
4085.082,8.5398,26.8415,2.4639,0.0702,0.0785
4084.9296,8.5661,28.1615,2.4606,0.0722,0.0813
4084.7772,8.5866,28.3005,2.4602,0.0817,0.0922
4084.6248,8.6016,26.6846,2.4583,0.0891,0.0997
4084.4724,8.6076,24.1712,2.4624,0.0925,0.1022
4084.32,8.6648,22.428,2.4698,0.0888,0.0984
4084.1676,8.7347,23.6833,2.4746,0.0795,0.0893
4084.0152,8.7587,31.6178,2.4748,0.0767,0.0861
4083.8628,8.7764,35.7636,2.4635,0.0767,0.0865
4083.7104,8.7581,35.8575,2.4467,0.0783,0.0885
4083.558,8.7221,28.5841,2.4326,0.0799,0.0908
4083.4056,8.712,23.9421,2.4335,0.0841,0.0957
4083.2532,8.6978,21.6928,2.4363,0.0913,0.102
4083.1008,8.6839,21.3098,2.447,0.0943,0.1049
4082.9484,8.6156,21.4231,2.4545,0.1003,0.1099
4082.796,8.5822,20.8064,2.4556,0.0982,0.1075
4082.6436,8.6352,19.5664,2.4528,0.0905,0.0993
4082.4912,8.6487,18.888,2.4518,0.0876,0.0959
4082.3388,8.6606,19.7048,2.4445,0.0938,0.1015
4082.1864,8.6618,20.168,2.4281,0.0974,0.1055
4082.034,8.6575,19.8362,2.4154,0.1076,0.1153
4081.8816,8.6339,20.4296,2.4281,0.1085,0.1167
4081.7292,8.6439,26.3639,2.476,0.1012,0.1104
4081.5768,8.773,40.8062,2.5455,0.0828,0.0922
4081.4244,8.8482,58.7723,2.6057,0.0789,0.0888
4081.272,8.9303,79.4846,2.6352,0.0789,0.0892
4081.1196,8.9559,83.9089,2.6295,0.0951,0.106
4080.9672,9.0112,72.1736,2.5839,0.114,0.1249
4080.8148,8.9679,48.8525,2.5416,0.1036,0.1176
4080.6624,9.0167,31.5613,2.5283,0.0851,0.1015
4080.51,9.0603,28.996,2.5343,0.0703,0.0868
4080.3576,9.0646,34.4952,2.5536,0.0585,0.0718
4080.2052,9.0649,51.1028,2.5852,0.0518,0.0641
4080.0528,9.0622,77.0652,2.6329,0.0531,0.0654
4079.9004,9.0572,104.0238,2.6803,0.075,0.0868
4079.748,9.0507,130.4329,2.7009,0.0908,0.1039
4079.5956,9.0522,144.0037,2.698,0.0963,0.1125
4079.4432,9.0442,147.2531,2.7252,0.1102,0.1264
4079.2908,9.0368,125.7065,2.6765,0.1288,0.1459
4079.1384,9.0234,87.6085,2.6027,0.1435,0.1597
4078.986,9.0643,51.2795,2.5295,0.1333,0.1491
4078.8336,9.0664,32.4749,2.5043,0.1031,0.1217
4078.6812,9.0617,40.698,2.523,0.0812,0.1011
4078.5288,9.0408,58.4494,2.5691,0.0826,0.0995
4078.3764,9.0093,74.501,2.6128,0.0846,0.0993
4078.224,9.0069,81.4137,2.6405,0.0908,0.1051
4078.0716,9.0088,76.124,2.646,0.098,0.1133
4077.9192,9.0369,66.3334,2.6157,0.1162,0.1319
4077.7668,8.9599,61.0025,2.6049,0.112,0.129
4077.6144,8.9336,60.8893,2.6183,0.0898,0.1149
4077.462,8.9117,70.7808,2.6333,0.0736,0.1047
4077.3096,8.9087,80.8605,2.622,0.0849,0.1166
4077.1572,9.0631,73.0973,2.5699,0.1166,0.1435
4077.0048,8.9718,55.1436,2.5187,0.1145,0.1404
4076.8524,8.878,30.9942,2.4952,0.096,0.1176
4076.7,8.8466,26.4878,2.4922,0.0805,0.1002
4076.5476,8.8371,25.6819,2.5005,0.0858,0.1037
4076.3952,8.8159,26.809,2.5055,0.0963,0.113
4076.2428,8.8585,31.137,2.5106,0.1035,0.1216
4076.0904,8.9713,36.1261,2.5279,0.1067,0.1281
4075.938,8.9727,39.2289,2.5454,0.1049,0.1267
4075.7856,8.9565,40.7091,2.5405,0.0937,0.1168
4075.6332,8.9304,47.2499,2.5572,0.0812,0.1052
4075.4808,8.8694,66.2678,2.5711,0.0846,0.1074
4075.3284,8.8483,73.2543,2.5791,0.105,0.1216
4075.176,8.8479,62.8012,2.5446,0.1056,0.1195
4075.0236,8.8767,42.7415,2.5154,0.0869,0.0999
4074.8712,8.8756,38.4825,2.4958,0.0715,0.0824
4074.7188,8.8275,49.4825,2.5563,0.07,0.0791
