Four_RT,Two_RT,One_RT,Four_RX,Two_RX,One_RX,DTCO,DTSH
0.77864,0.77152,0.76816,0.79412,0.79461,0.78922,65.8937,104.4344
0.78184,0.77585,0.77438,0.79697,0.79834,0.79411,66.0644,105.6775
0.78522,0.7804,0.78152,0.80007,0.80234,0.79987,65.4293,104.6524
0.78873,0.785,0.78915,0.80336,0.80645,0.8062,65.8046,105.088
0.79231,0.78947,0.79661,0.8068,0.8105,0.81258,65.6507,107.0676
0.79594,0.79367,0.80309,0.81037,0.81437,0.81829,66.6058,110.7872
0.79957,0.79748,0.80785,0.81405,0.81796,0.82265,67.0269,110.5268
0.80319,0.80088,0.81047,0.81785,0.82126,0.82521,67.701,111.8093
0.80678,0.80389,0.81102,0.82181,0.82435,0.826,68.5382,111.3163
0.81035,0.80662,0.81002,0.82599,0.82736,0.82549,69.5091,110.9834
0.81388,0.80922,0.80832,0.83042,0.83049,0.82453,69.9086,109.6571
0.81738,0.81192,0.80672,0.83514,0.83399,0.8241,70.2874,106.9228
0.82086,0.81491,0.80598,0.8402,0.83809,0.8251,69.9583,103.8485
0.82429,0.81838,0.8066,0.84557,0.84298,0.82814,70.3226,147.2091
0.82767,0.82243,0.809,0.85122,0.84879,0.83365,71.6403,97.2404
0.83095,0.82708,0.81353,0.85706,0.85549,0.84189,69.4034,107.3668
0.83408,0.83224,0.82052,0.86293,0.86294,0.85303,69.5399,109.4762
0.83699,0.83771,0.83009,0.86866,0.87084,0.867,68.2876,108.666
0.83958,0.84319,0.84183,0.87404,0.87877,0.88319,67.4447,117.5311
0.84178,0.8483,0.8546,0.87882,0.8862,0.90018,66.266,114.3384
0.8435,0.85264,0.8666,0.88277,0.89256,0.91563,66.1907,116.7262
0.84467,0.85583,0.8757,0.88569,0.89735,0.92678,64.9165,115.1164
0.84525,0.8576,0.88019,0.88745,0.90019,0.93139,66.9035,113.8588
0.84523,0.8578,0.87943,0.88795,0.90088,0.92873,70.7807,115.0254
0.84461,0.85644,0.87408,0.88721,0.89945,0.91996,68.7306,116.1793
0.84346,0.85369,0.86571,0.88531,0.89614,0.90752,69.3333,114.6682
0.84186,0.8498,0.85607,0.88242,0.89133,0.89412,69.3359,114.9627
0.8399,0.84514,0.84657,0.87873,0.88551,0.88175,69.9439,123.0961
0.83771,0.84006,0.83799,0.87451,0.87915,0.87143,69.718,124.3226
0.83541,0.83491,0.8305,0.87003,0.8727,0.86324,68.722,125.4511
0.83312,0.82999,0.82399,0.86554,0.86654,0.85675,68.3267,124.2546
0.83096,0.82554,0.81819,0.86129,0.86093,0.85142,67.8287,123.4213
0.82902,0.82175,0.81299,0.85749,0.85609,0.84686,65.6396,111.3649
0.8274,0.81873,0.80835,0.85432,0.85215,0.84286,64.6686,103.1886
0.82617,0.81661,0.80447,0.85191,0.8492,0.83943,63.8817,101.7971
0.82539,0.81547,0.80164,0.85034,0.84732,0.83672,64.0179,101.8279
0.82508,0.81536,0.80019,0.84964,0.84657,0.83494,64.9422,100.7809
0.82523,0.81632,0.80027,0.8498,0.84697,0.83431,64.6669,101.295
0.82583,0.81836,0.80207,0.85075,0.84853,0.83507,64.8336,102.6465
0.82681,0.82139,0.80565,0.85239,0.85116,0.83751,66.0372,102.4496
0.8281,0.82525,0.81108,0.85457,0.8547,0.84198,68.8285,102.0907
0.82961,0.8297,0.81835,0.85709,0.85892,0.84872,69.7501,114.7674
0.8312,0.83443,0.82716,0.85976,0.86349,0.85763,69.0563,120.241
0.83277,0.83908,0.83679,0.86236,0.86804,0.86807,68.5034,120.2418
0.8342,0.84327,0.84609,0.86467,0.87218,0.87872,67.6793,122.6034
0.83538,0.84663,0.85364,0.86652,0.8755,0.88779,67.3144,122.862
0.83622,0.84889,0.85828,0.86774,0.87771,0.8936,66.7516,119.2235
0.83668,0.84986,0.85945,0.86824,0.8786,0.89513,68.0467,114.6987
0.83672,0.84951,0.85744,0.86796,0.8781,0.89248,69.4623,111.8315
0.83637,0.84792,0.85305,0.86693,0.87628,0.88662,69.4374,111.9705
0.83565,0.84529,0.84728,0.86522,0.87335,0.87895,68.5976,112.5315
0.83463,0.84188,0.84097,0.86295,0.86958,0.87075,69.1628,114.3434
0.83341,0.83799,0.83467,0.86029,0.86529,0.86287,68.9836,113.6806
0.83207,0.83393,0.82865,0.85742,0.8608,0.85575,69.3055,113.9481
0.83072,0.82995,0.82305,0.85454,0.85639,0.84953,69.9834,114.1204
0.82946,0.8263,0.81797,0.85186,0.85236,0.84425,70.3732,113.5267
0.82838,0.82316,0.81352,0.84956,0.84888,0.83993,70.0775,112.5327
0.82756,0.82071,0.80972,0.84778,0.84614,0.83657,69.5476,112.2988
0.82705,0.81905,0.80666,0.84667,0.84427,0.83412,68.4634,111.2789
0.82691,0.81833,0.8044,0.84629,0.84338,0.83255,68.1692,110.7897
0.82712,0.81861,0.80318,0.84669,0.84357,0.83193,67.7884,109.608
0.8277,0.81998,0.80322,0.84783,0.8449,0.83241,67.3988,109.3331
0.82857,0.82241,0.8049,0.84967,0.84736,0.83425,68.3548,109.6352
0.82968,0.82583,0.80854,0.85207,0.85088,0.83782,67.3389,110.21
0.83092,0.83005,0.81444,0.85489,0.85528,0.84353,68.6455,110.3038
0.83217,0.83476,0.82259,0.85793,0.86029,0.85162,69.3563,110.7102
0.83329,0.83961,0.83254,0.86096,0.86552,0.86189,69.1206,110.8664
0.83414,0.84413,0.84328,0.86377,0.87053,0.8735,68.9102,111.0637
0.83462,0.84789,0.85326,0.86613,0.87485,0.88484,68.0639,110.2264
0.83461,0.8505,0.86078,0.86784,0.87804,0.89389,67.3925,109.3718
0.83405,0.85166,0.86449,0.86877,0.87975,0.89877,66.9729,108.4923
0.83291,0.85125,0.86383,0.86881,0.87982,0.8985,66.8815,107.468
0.83119,0.84932,0.85927,0.86792,0.87824,0.89342,66.2657,106.6848
0.82893,0.84607,0.85195,0.86612,0.87517,0.88493,66.3071,105.8402
0.8262,0.84179,0.84334,0.86347,0.87091,0.87494,67.0801,105.37
0.82307,0.83682,0.83467,0.8601,0.86579,0.86508,67.4616,105.3487
0.81962,0.83146,0.82673,0.85611,0.86017,0.85635,67.5591,105.5321
0.81593,0.82599,0.81986,0.85166,0.85435,0.84909,67.8289,105.0996
0.81208,0.82056,0.81405,0.84688,0.84853,0.84309,67.9048,105.0137
0.80812,0.81527,0.809,0.84189,0.84286,0.83795,67.7399,105.6015
0.80409,0.81016,0.80446,0.8368,0.83739,0.83324,68.0881,105.2439
0.80004,0.8052,0.80011,0.83171,0.83213,0.82868,68.0725,105.4179
0.79599,0.80034,0.79581,0.82666,0.82705,0.82416,67.2845,104.4298
0.79199,0.79554,0.79143,0.82173,0.82212,0.81964,67.7606,104.1627
0.78806,0.79079,0.78699,0.81694,0.81731,0.81516,68.0059,104.1962
0.78424,0.78608,0.78248,0.81232,0.81263,0.81072,67.6242,104.0951
0.78057,0.78144,0.77791,0.80792,0.80808,0.80626,67.1581,104.412
0.77711,0.77693,0.77329,0.80377,0.80371,0.80172,68.1479,104.5804
0.77389,0.7726,0.76871,0.79988,0.79956,0.7971,67.3404,105.0086
0.77099,0.76853,0.76431,0.79632,0.7957,0.79251,67.3679,105.0913
0.76844,0.7648,0.7603,0.79311,0.79217,0.78821,67.274,105.1321
0.76629,0.76148,0.75689,0.79029,0.78904,0.78446,67.8801,104.673
0.76458,0.75866,0.75421,0.78791,0.78638,0.78148,67.8522,104.4417
0.76334,0.75638,0.75221,0.786,0.78422,0.77933,67.758,104.1241
0.7626,0.75468,0.75079,0.7846,0.78259,0.77789,67.6284,104.3682
0.76237,0.75359,0.74975,0.78373,0.78154,0.77695,67.9099,105.3451
0.76266,0.75313,0.74899,0.78341,0.7811,0.77631,67.4996,105.1154
0.76345,0.75331,0.7485,0.78366,0.78127,0.7759,67.4199,103.8562
0.76475,0.75413,0.74846,0.78449,0.78209,0.77587,66.9186,102.9817
0.76652,0.75559,0.74918,0.78589,0.78356,0.77653,66.9135,99.4986
0.76873,0.75769,0.75094,0.78786,0.78568,0.77827,66.6934,98.6005
0.77136,0.76038,0.75394,0.79039,0.78843,0.78141,67.118,98.6998
0.77435,0.76363,0.75814,0.79346,0.79176,0.786,67.2702,99.341
0.77766,0.76738,0.76326,0.79703,0.79562,0.79181,66.4022,100.1603
0.78125,0.77155,0.76885,0.80108,0.79993,0.7983,66.633,99.7766
0.78507,0.7761,0.77437,0.80556,0.80463,0.80478,67.7989,101.7189
0.78909,0.78095,0.7794,0.81043,0.80967,0.81061,67.2768,102.4187
0.79325,0.78611,0.78375,0.81563,0.81503,0.81539,66.8078,102.2482
0.79752,0.79157,0.7876,0.82109,0.82072,0.81915,66.7084,102.0163
0.80186,0.79735,0.79145,0.82675,0.82679,0.82233,66.4159,100.4338
0.80619,0.80348,0.79596,0.83251,0.83325,0.82577,66.0404,99.4104
0.81045,0.80991,0.80189,0.83825,0.84007,0.83045,64.8599,96.2768
0.81455,0.81655,0.8098,0.84384,0.84716,0.8373,64.277,94.0476
0.81837,0.8232,0.81983,0.84912,0.8543,0.84691,64.6853,92.9503
0.8218,0.82956,0.83154,0.85392,0.86117,0.85918,65.3141,91.8949
0.82472,0.83525,0.84373,0.85806,0.86734,0.87309,65.9462,91.6089
0.82703,0.83989,0.85466,0.86138,0.87236,0.88671,64.2338,92.3063
0.82864,0.84309,0.86238,0.86374,0.8758,0.89747,64.0403,92.356
0.8295,0.84461,0.86541,0.86505,0.87735,0.90301,63.1647,93.4255
0.82961,0.84437,0.86322,0.86526,0.8769,0.90201,63.9873,95.3985
0.829,0.84247,0.85648,0.86441,0.87455,0.89478,67.1943,97.9035
0.82772,0.8392,0.84674,0.86259,0.87059,0.88311,67.6944,97.5948
0.82589,0.83496,0.83585,0.85994,0.86548,0.86947,69.6737,98.2135
0.82361,0.83021,0.82548,0.85663,0.85973,0.85615,68.8907,96.5362
0.82098,0.82538,0.81676,0.85287,0.85382,0.84479,71.4879,94.9974
0.81811,0.8208,0.81023,0.84883,0.84817,0.83618,69.3796,95.4904
0.81509,0.81672,0.80594,0.84469,0.84306,0.83042,70.1204,93.3335
0.81198,0.81323,0.80356,0.84058,0.83862,0.82712,69.8305,101.223
0.80883,0.81031,0.80252,0.83661,0.83487,0.82562,68.9882,101.138
0.80568,0.80788,0.80224,0.83282,0.8317,0.82517,69.0432,100.5862
0.80253,0.80579,0.80207,0.82924,0.82899,0.82507,68.7918,103.5521
0.79941,0.80387,0.80159,0.82587,0.82653,0.82471,70.2632,107.5034
0.7963,0.80196,0.80045,0.82267,0.82418,0.82371,72.3819,108.0111
0.7932,0.79994,0.79854,0.81962,0.82181,0.82189,72.414,115.0611
0.79011,0.79774,0.79586,0.81667,0.81931,0.81927,66.1161,116.8547
0.78701,0.7953,0.79254,0.81378,0.81666,0.816,67.8555,117.4529
0.7839,0.79262,0.78876,0.81091,0.81385,0.81229,67.0643,116.4961
0.78078,0.78971,0.78473,0.80805,0.81089,0.80838,65.7382,117.5346
0.77763,0.7866,0.7807,0.80517,0.80783,0.80451,68.5014,118.3938
0.77446,0.78332,0.77687,0.80226,0.8047,0.80088,68.3023,117.2421
0.77126,0.77991,0.77335,0.79931,0.80154,0.79761,70.3169,115.7059
0.76805,0.7764,0.77018,0.79634,0.79837,0.79473,65.1767,111.2128
0.76484,0.7728,0.76723,0.79334,0.79521,0.79217,62.6752,121.2165
0.76164,0.76913,0.76435,0.7903,0.79204,0.78977,64.3207,123.0791
0.75846,0.7654,0.76135,0.78725,0.78886,0.78737,64.6541,122.412
0.75534,0.76163,0.75813,0.78418,0.78567,0.78481,60.9428,121.0951
0.75231,0.75784,0.7547,0.78111,0.78245,0.78202,59.5254,117.6514
0.7494,0.75405,0.75112,0.77804,0.7792,0.77898,58.9209,113.719
0.74665,0.75033,0.7475,0.77499,0.77595,0.77573,62.0619,111.0593
0.74411,0.74672,0.7439,0.77198,0.77271,0.77229,64.3,109.8705
0.74182,0.74328,0.74036,0.76905,0.76954,0.76869,64.0296,109.3881
0.73982,0.74007,0.73691,0.76622,0.76649,0.765,66.8398,137.1641
0.73814,0.73715,0.73365,0.76356,0.76362,0.76133,67.1768,142.5897
0.73681,0.73454,0.7307,0.76109,0.76097,0.75784,67.8323,119.8193
0.73585,0.73228,0.72818,0.75889,0.75862,0.75477,66.3235,117.4125
0.73527,0.73037,0.72618,0.75702,0.75659,0.75229,65.5452,113.2255
0.73509,0.72881,0.72467,0.75553,0.75495,0.75046,64.7008,109.0253
0.73532,0.7276,0.72352,0.7545,0.75373,0.74922,65.5012,104.2957
0.73595,0.72672,0.72258,0.754,0.75299,0.74844,66.4495,103.2558
0.737,0.72617,0.72171,0.75411,0.75276,0.74798,65.02,102.4101
0.73848,0.72598,0.72089,0.75491,0.75313,0.74776,65.9324,103.8729
0.74041,0.7262,0.72022,0.75645,0.75418,0.74783,66.7456,104.2026
0.74279,0.72693,0.71983,0.75881,0.75602,0.74832,68.106,105.6666
0.74565,0.72831,0.71996,0.76202,0.75879,0.74945,67.4493,107.2887
0.74898,0.73048,0.72094,0.7661,0.76262,0.75152,68.0022,107.4916
0.7528,0.73361,0.72319,0.77103,0.7676,0.75495,67.586,108.185
0.75708,0.73782,0.72723,0.77678,0.7738,0.76031,66.0416,107.6793
0.76181,0.74318,0.73365,0.78325,0.78118,0.76826,65.0204,107.3647
0.76693,0.74966,0.7429,0.79034,0.78963,0.77932,64.644,106.5449
0.77239,0.75713,0.75502,0.79789,0.7989,0.79356,66.3524,105.539
0.77811,0.76538,0.76943,0.80574,0.80866,0.81032,67.4233,111.3985
0.784,0.77409,0.78489,0.81371,0.8185,0.82807,67.4241,115.0532
0.78997,0.7829,0.79968,0.82162,0.82799,0.84465,67.0149,116.808
0.79593,0.79148,0.81209,0.82934,0.83674,0.85783,66.5345,120.2663
0.80181,0.79952,0.82098,0.83675,0.84445,0.86614,67.5467,122.8081
0.80752,0.80683,0.82606,0.84378,0.851,0.86938,67.6124,121.9939
0.81304,0.81331,0.82792,0.85039,0.85642,0.86854,64.4848,114.7587
0.81832,0.81906,0.82758,0.85659,0.86094,0.8654,66.6987,112.3913
0.82334,0.82423,0.82628,0.86242,0.8649,0.86179,66.1302,111.0672
0.82811,0.82907,0.82495,0.86792,0.8687,0.85921,66.5628,113.7223
0.8326,0.83384,0.82435,0.87314,0.87273,0.85874,65.4667,111.5272
0.83682,0.83871,0.82538,0.87809,0.87726,0.86118,62.7793,113.6672
0.84072,0.84378,0.82877,0.88275,0.8824,0.86718,61.5479,118.0228
0.84425,0.84902,0.83516,0.88706,0.88808,0.87716,60.0852,113.4892
0.84738,0.85424,0.84466,0.89093,0.89401,0.89091,59.2455,112.6623
0.85002,0.85916,0.85651,0.89421,0.89975,0.90717,59.9863,111.0142
0.85212,0.86342,0.86893,0.89678,0.90477,0.92342,60.5112,108.0537
0.85363,0.86664,0.87946,0.89849,0.90853,0.93625,61.5989,103.997
0.85451,0.86853,0.88572,0.89923,0.9106,0.94245,62.4195,98.8034
0.85475,0.86892,0.88641,0.89897,0.91072,0.94041,61.1916,93.2457
0.85439,0.86779,0.8818,0.89769,0.90889,0.93096,60.4223,90.1474
0.85347,0.86531,0.87354,0.89547,0.9053,0.91689,60.5678,88.8839
0.85207,0.86175,0.86376,0.89245,0.90036,0.9016,61.805,91.0969
0.85027,0.85748,0.85429,0.88879,0.89456,0.8878,64.9316,92.0463
0.84817,0.85286,0.84621,0.88469,0.88838,0.87689,66.6999,95.0172
0.84587,0.84823,0.83982,0.88036,0.88228,0.86907,68.2213,95.0172
0.84346,0.84384,0.83497,0.87599,0.87658,0.86378,69.2219,108.1256
0.84101,0.83987,0.83123,0.87177,0.87148,0.8602,70.7447,116.5634
0.8386,0.8364,0.8283,0.86782,0.8671,0.85763,70.1358,128.7435
0.83629,0.83345,0.82593,0.86425,0.86342,0.8556,69.2306,135.7074
0.83412,0.83101,0.8239,0.86113,0.86042,0.85382,68.5903,133.9766
0.83213,0.82907,0.82218,0.85847,0.85804,0.85216,67.5142,130.9384
0.83034,0.82757,0.82082,0.85628,0.85618,0.85062,67.5231,124.737
0.82876,0.8265,0.81992,0.85452,0.85481,0.84931,64.6733,121.2535
0.82739,0.82584,0.81959,0.85315,0.85385,0.84837,64.8037,112.2105
0.82621,0.82554,0.81987,0.85211,0.85324,0.84793,66.3706,111.2879
0.8252,0.82553,0.82074,0.85132,0.85291,0.84805,63.6482,108.8667
0.82431,0.82573,0.82207,0.8507,0.85276,0.84871,65.4397,105.6236
0.82352,0.82604,0.82367,0.85017,0.8527,0.84976,65.3517,104.2789
0.82277,0.82636,0.82525,0.84965,0.85262,0.85094,64.9474,104.4144
0.82202,0.82658,0.82655,0.84907,0.85243,0.85198,65.4118,104.7176
0.82122,0.82661,0.82732,0.84837,0.85203,0.85258,64.9422,105.8403
0.82034,0.82635,0.8274,0.84748,0.85136,0.85252,64.1582,106.061
0.81935,0.82573,0.82675,0.84637,0.85037,0.85168,64.2339,104.7072
0.81822,0.82472,0.82541,0.84503,0.84901,0.8501,65.8214,102.6915
0.81694,0.82328,0.82351,0.84344,0.84728,0.84789,66.2993,102.5587
0.8155,0.82142,0.82121,0.84161,0.84521,0.84525,66.3951,99.2767
0.81391,0.81917,0.81862,0.83959,0.84283,0.84238,67.5764,93.3038
0.81221,0.81658,0.81582,0.8374,0.84021,0.8394,67.9997,98.5689
0.81041,0.81372,0.8128,0.83509,0.83738,0.83638,69.3661,99.7579
0.80858,0.81065,0.80952,0.83273,0.83443,0.83331,70.0273,99.1187
0.80677,0.80747,0.80593,0.83039,0.83143,0.83015,70.6969,104.2435
0.80504,0.80429,0.80201,0.82812,0.82846,0.82687,70.1715,102.9834
0.80347,0.80123,0.79782,0.82601,0.82561,0.82342,68.4451,105.9687
0.80212,0.79842,0.79347,0.82412,0.82301,0.81983,70.1295,105.3341
0.80105,0.79602,0.78922,0.82252,0.82079,0.81617,68.9387,104.0626
0.8003,0.79417,0.7854,0.82127,0.81908,0.81267,67.3405,103.3971
0.79991,0.79299,0.78249,0.82041,0.81799,0.80967,63.8338,100.1074
0.79987,0.79254,0.78097,0.81997,0.81762,0.80767,63.3143,99.4719
0.80019,0.79285,0.78125,0.81996,0.818,0.80721,64.256,101.728
0.80083,0.79385,0.78353,0.82037,0.8191,0.80871,65.1572,101.7007
0.80174,0.79541,0.78762,0.82118,0.82082,0.81225,67.2225,102.7574
0.80288,0.79735,0.79293,0.82235,0.82302,0.8175,68.0767,112.5055
0.80419,0.79944,0.79857,0.82384,0.82549,0.82369,68.292,114.1359
0.80563,0.80145,0.80353,0.82561,0.82804,0.82974,68.2906,112.9029
0.80714,0.8032,0.80695,0.82765,0.8305,0.83459,67.8545,110.7512
0.80871,0.80454,0.80834,0.82992,0.83275,0.83751,66.9626,116.9362
0.81032,0.80544,0.8077,0.83245,0.83476,0.83828,65.8376,118.3675
0.81198,0.80599,0.8054,0.83524,0.83663,0.83725,65.6906,119.8978
0.81367,0.80636,0.80207,0.83831,0.83854,0.8351,65.4497,118.9849
0.81542,0.80682,0.79849,0.8417,0.84074,0.8327,65.2757,122.0236
0.81723,0.80767,0.79531,0.8454,0.84351,0.83097,65.2569,122.2533
0.81911,0.80916,0.79342,0.8494,0.84706,0.83086,67.2639,117.8548
0.82102,0.8115,0.79363,0.85365,0.85152,0.83343,67.5088,111.6901
0.82295,0.81474,0.79673,0.85807,0.85687,0.83966,69.8979,110.5027
0.82483,0.81882,0.80316,0.86251,0.86292,0.85019,69.683,109.1342
0.8266,0.82352,0.81266,0.8668,0.86932,0.86473,69.086,108.1655
0.82818,0.82849,0.82414,0.87076,0.87561,0.88174,68.7269,106.9615
0.8295,0.83333,0.83574,0.87416,0.88125,0.89838,68.3822,103.5204
0.83047,0.8376,0.84542,0.87683,0.88576,0.91117,67.6216,103.8026
0.83103,0.84094,0.85164,0.87859,0.88873,0.9173,66.2482,104.6359
0.83114,0.84309,0.85403,0.87932,0.88994,0.91594,66.4274,104.656
0.8308,0.84394,0.8533,0.879,0.88938,0.90851,64.7734,105.4652
0.82999,0.84351,0.85074,0.87762,0.88717,0.89782,65.4449,105.7094
0.82877,0.84197,0.84747,0.87528,0.88359,0.88665,65.968,104.8116
0.82717,0.83952,0.84402,0.87211,0.87899,0.87673,64.8293,106.5906
0.82526,0.83641,0.84028,0.86828,0.87371,0.86852,67.157,104.7551
0.82311,0.83287,0.83588,0.86399,0.86807,0.86157,67.4049,106.1992
0.82078,0.82908,0.83054,0.85941,0.86233,0.85514,67.5486,107.4581
0.81834,0.82521,0.82437,0.85472,0.85669,0.84875,67.6205,109.5029
0.81586,0.82134,0.81786,0.85008,0.85129,0.8424,66.9414,110.8306
0.8134,0.81755,0.81155,0.84562,0.84625,0.83645,66.1763,112.3112
0.81099,0.81389,0.806,0.84141,0.84164,0.83135,65.4688,114.4051
0.80869,0.81041,0.8015,0.83754,0.83751,0.82744,63.2916,115.3193
0.80653,0.80711,0.79811,0.83403,0.83385,0.82482,62.9261,114.7643
0.80453,0.80401,0.79565,0.83092,0.83068,0.8233,63.9804,114.3689
0.80273,0.80113,0.79385,0.82819,0.82793,0.82255,65.3432,113.6087
0.80113,0.79846,0.79238,0.82586,0.82554,0.82214,66.7012,112.249
0.79977,0.79601,0.79099,0.82391,0.82346,0.82165,66.623,112.1346
0.79865,0.79379,0.78947,0.82235,0.82164,0.82079,67.0349,112.0993
0.7978,0.79186,0.7877,0.82119,0.82006,0.81938,67.5645,112.1231
0.79725,0.79029,0.78567,0.82044,0.81878,0.81738,67.2111,111.3004
0.79701,0.78916,0.78347,0.82013,0.81788,0.81493,66.9839,110.9532
0.79709,0.78859,0.78133,0.82029,0.81747,0.81231,66.9685,110.1668
0.79752,0.78869,0.7796,0.82094,0.8177,0.80996,67.1007,109.1537
0.79829,0.78953,0.77878,0.82208,0.8187,0.80844,67.1847,107.9579
0.79938,0.79118,0.77939,0.82369,0.82055,0.80838,67.7041,107.3743
0.80077,0.79363,0.78196,0.82573,0.82326,0.8104,67.3682,107.422
0.80239,0.7968,0.78685,0.82813,0.82678,0.81502,67.6127,102.28
0.80419,0.80053,0.79409,0.83077,0.83093,0.82238,67.341,102.6343
0.80611,0.80459,0.80318,0.83353,0.83545,0.83213,67.5136,104.3645
0.80808,0.8087,0.81309,0.83628,0.84001,0.84323,67.7838,105.1242
0.81001,0.81254,0.82237,0.83888,0.84424,0.85403,67.2114,104.0684
0.81185,0.81583,0.8295,0.84121,0.84782,0.86266,65.7871,104.0429
0.81356,0.81834,0.83343,0.84319,0.85047,0.86756,65.2979,104.8718
0.81511,0.81997,0.83387,0.84476,0.85205,0.8681,65.6965,102.8554
0.81649,0.82073,0.83139,0.84591,0.85257,0.86481,64.4448,101.4494
0.81769,0.82073,0.82705,0.8467,0.85218,0.85903,64.2537,100.2271
0.81875,0.8202,0.82199,0.8472,0.85111,0.85238,65.3947,97.6853
0.8197,0.81937,0.81706,0.84752,0.84969,0.84621,65.7919,98.0438
0.82058,0.81853,0.81275,0.84778,0.84824,0.84127,67.2771,100.1652
0.82141,0.81791,0.80923,0.84811,0.84708,0.83781,66.6678,102.9115
0.82224,0.81775,0.80651,0.84862,0.84647,0.83573,66.4737,102.3509
0.82306,0.8182,0.80465,0.84939,0.84663,0.83485,66.0479,103.594
0.82389,0.81938,0.80378,0.85048,0.84768,0.83512,65.5363,106.6061
0.82469,0.8213,0.80433,0.85186,0.84964,0.8367,66.2837,107.5664
0.82543,0.82389,0.80675,0.85351,0.85245,0.83996,66.3475,109.559
0.82604,0.82701,0.81151,0.85532,0.85592,0.84532,65.6669,110.0284
0.82645,0.8304,0.81869,0.85716,0.85975,0.85298,66.9979,111.3634
0.82658,0.83376,0.82776,0.85887,0.86358,0.86253,66.8457,110.2923
0.82636,0.83672,0.83741,0.86029,0.86698,0.87278,65.5678,105.0697
0.82571,0.83894,0.84579,0.86125,0.86953,0.88187,65.9751,102.7001
0.82461,0.84012,0.85103,0.8616,0.87089,0.88768,64.6159,100.0636
0.82302,0.84007,0.85204,0.86122,0.87084,0.8887,65.9341,96.5614
0.82096,0.83875,0.8489,0.86004,0.86932,0.88467,66.1263,94.8521
0.81845,0.83626,0.84273,0.85802,0.86646,0.8767,66.1787,93.934
0.81554,0.83279,0.83522,0.85519,0.86249,0.86673,66.6493,99.396
0.81227,0.8286,0.82786,0.85159,0.8577,0.85676,67.4618,105.6539
0.80871,0.82392,0.82155,0.8473,0.85237,0.8482,68.1314,122.7238
0.80489,0.81894,0.81654,0.84242,0.84675,0.84159,67.0684,129.9103
0.80086,0.81376,0.81256,0.83704,0.84095,0.83671,66.3886,132.7978
0.79665,0.80842,0.80904,0.83128,0.83501,0.83285,68.0158,137.8466
0.7923,0.80287,0.8053,0.82523,0.82893,0.82911,66.3466,128.3424
0.78785,0.79707,0.80078,0.81901,0.82263,0.82469,66.6504,120.5415
0.78335,0.79098,0.79497,0.81273,0.81609,0.81902,66.515,115.3068
0.77886,0.7846,0.7877,0.8065,0.80931,0.81188,64.224,109.9117
0.77445,0.77802,0.77905,0.80044,0.80239,0.80342,64.8263,107.9911
0.77021,0.77136,0.76944,0.79467,0.79547,0.79409,64.6524,106.1918
0.76623,0.76484,0.75945,0.78931,0.78879,0.78451,66.5345,107.6949
0.76261,0.75871,0.74979,0.7845,0.78261,0.77538,67.7892,107.9735
0.75944,0.75321,0.74113,0.78033,0.77718,0.76731,67.4475,107.8217
0.75681,0.74857,0.73405,0.7769,0.77273,0.7608,67.886,106.2184
0.75477,0.74497,0.72893,0.77429,0.76943,0.75621,66.9392,104.478
0.75336,0.74254,0.72601,0.77254,0.76741,0.75375,67.0917,103.7619
0.75262,0.74133,0.7254,0.77166,0.76669,0.75354,67.0323,103.0485
0.75251,0.74132,0.72703,0.77163,0.76722,0.75558,66.6326,102.8699
0.75301,0.7424,0.73067,0.77241,0.76887,0.7597,66.7561,101.7255
0.75406,0.74441,0.73586,0.77392,0.77146,0.76546,66.6073,103.0395
0.7556,0.74712,0.74193,0.77608,0.77475,0.77213,68.1749,99.3303
0.75754,0.75033,0.7481,0.77877,0.77852,0.77882,67.7537,100.0497
0.75981,0.75382,0.75366,0.78187,0.78256,0.78467,67.8477,98.6281
0.76234,0.75742,0.75817,0.78527,0.78668,0.78918,70.3763,106.5893
0.76504,0.761,0.76159,0.78885,0.79078,0.79236,69.8944,107.0104
0.76788,0.76449,0.76437,0.79249,0.79476,0.79483,70.2402,102.0964
0.77079,0.76785,0.76718,0.7961,0.7986,0.7975,70.257,108.0501
0.77375,0.77104,0.77066,0.7996,0.80224,0.80121,69.0677,108.3969
0.77672,0.77405,0.77511,0.80293,0.80567,0.80635,68.5009,109.3544
0.77969,0.77686,0.78031,0.80603,0.80881,0.81265,66.9915,111.8277
0.78265,0.77945,0.78558,0.80889,0.8116,0.81916,69.1622,117.2817
0.7856,0.7818,0.78997,0.81152,0.81401,0.82457,68.1024,124.4502
0.78857,0.78393,0.79268,0.81393,0.81601,0.8277,68.2998,137.069
0.79157,0.78588,0.79339,0.81617,0.81762,0.82799,68.8959,144.7196
0.79462,0.78777,0.79239,0.81831,0.81894,0.82576,70.4809,130.8421
0.79777,0.78975,0.79047,0.82041,0.82015,0.82203,67.1223,124.5907
0.80102,0.792,0.78869,0.82255,0.82144,0.81814,67.0091,121.445
0.80439,0.79471,0.78799,0.82479,0.82305,0.8153,66.4216,119.5369
0.80788,0.79805,0.78908,0.82719,0.82518,0.81435,66.6913,112.9489
0.81146,0.80209,0.79238,0.82978,0.82796,0.81569,65.5361,109.4714
0.81508,0.80681,0.79802,0.83254,0.83144,0.81942,65.2534,107.697
0.81869,0.8121,0.80582,0.83547,0.83554,0.82537,65.1447,107.0233
0.82219,0.81771,0.81529,0.83848,0.84008,0.83319,64.4404,104.5447
0.82551,0.82336,0.82557,0.84151,0.8448,0.84218,65.3583,103.7164
0.82855,0.82869,0.83546,0.84446,0.84938,0.85135,65.4864,103.7433
0.83125,0.83338,0.84372,0.84721,0.85352,0.85948,65.7413,102.7668
0.83353,0.83715,0.84935,0.84969,0.85695,0.86547,65.7868,102.8102
0.83536,0.83983,0.85186,0.85181,0.85947,0.86862,65.9919,106.1676
0.83673,0.8414,0.85144,0.85353,0.86103,0.86892,66.9269,111.0525
0.83766,0.84193,0.84876,0.85484,0.86167,0.86695,69.0023,114.512
0.83818,0.84162,0.8447,0.85576,0.86154,0.8636,70.5338,115.4241
0.83835,0.84072,0.84012,0.85634,0.86086,0.8598,71.7942,114.9504
0.83823,0.8395,0.83567,0.85665,0.85986,0.85621,72.6,114.5574
0.8379,0.83823,0.83182,0.85676,0.85879,0.85321,72.9134,115.0184
0.83741,0.83715,0.82884,0.85674,0.85786,0.85095,71.2513,107.0241
0.8368,0.83642,0.82694,0.85665,0.85723,0.84951,67.8667,105.955
0.83609,0.83613,0.82628,0.85654,0.85698,0.84896,68.8283,104.4995
0.8353,0.83629,0.82693,0.85641,0.85711,0.84938,66.2207,104.6897
0.83441,0.83684,0.82883,0.85625,0.85759,0.85084,65.3066,106.3781
0.83339,0.83764,0.8318,0.85601,0.85827,0.85328,65.0468,105.9195
0.83221,0.83851,0.83545,0.85564,0.85897,0.85646,64.1178,105.1296
0.83081,0.83921,0.83918,0.85505,0.8595,0.85993,67.4294,107.0973
0.82915,0.83953,0.84228,0.85417,0.85963,0.86304,68.314,107.2791
0.82719,0.83924,0.84401,0.85294,0.85916,0.865,72.3499,107.15
0.82492,0.83815,0.84376,0.85128,0.85793,0.86515,72.22,106.1198
0.82231,0.83617,0.84129,0.84917,0.85587,0.86306,68.755,122.5731
0.81939,0.83326,0.83669,0.84661,0.85296,0.85875,66.6064,129.1202
0.81617,0.82949,0.83042,0.84363,0.84928,0.85266,68.8336,131.2597
0.81272,0.82498,0.82311,0.84026,0.84498,0.84548,66.7375,132.4232
0.80908,0.81991,0.81539,0.83659,0.84026,0.83799,69.2917,125.2071
0.80532,0.81449,0.80781,0.8327,0.83532,0.83083,66.995,122.7695
0.80151,0.80892,0.80075,0.82867,0.83036,0.82443,68.5085,118.5263
0.79771,0.80336,0.79446,0.8246,0.82552,0.81901,68.688,115.4312
0.79397,0.79795,0.78907,0.82054,0.8209,0.81461,68.1815,111.158
0.79034,0.79279,0.78458,0.81658,0.81657,0.81115,68.9551,109.6454
0.78686,0.78793,0.7809,0.81276,0.81254,0.80844,68.2554,109.455
0.78355,0.7834,0.77783,0.80914,0.80878,0.80618,68.2632,109.5456
0.78045,0.77919,0.77508,0.80573,0.80526,0.80402,68.8819,109.2573
0.7776,0.7753,0.77235,0.80259,0.80194,0.80161,68.2384,107.7216
0.77502,0.77174,0.76942,0.79975,0.79882,0.79867,67.1501,105.2227
0.77275,0.76853,0.76616,0.79724,0.79592,0.79511,66.4828,104.9259
0.77082,0.76572,0.76261,0.7951,0.79332,0.79101,66.4728,105.0492
0.76927,0.76337,0.75897,0.79336,0.79112,0.78669,65.7818,105.6931
0.76813,0.76157,0.75556,0.79206,0.78941,0.78262,65.7287,105.3684
0.7674,0.76037,0.75282,0.7912,0.78831,0.77938,65.2961,107.0627
0.76709,0.75982,0.75123,0.79079,0.78789,0.77758,64.6464,109.4013
0.7672,0.75995,0.7512,0.7908,0.78819,0.77774,66.6308,109.9375
0.76769,0.76072,0.7529,0.79121,0.78916,0.78013,68.2224,109.3983
0.76853,0.76204,0.75625,0.79195,0.79072,0.78459,69.364,104.938
0.76968,0.7638,0.76078,0.79295,0.7927,0.79051,69.5562,104.3379
0.77109,0.76582,0.76581,0.79415,0.79492,0.79689,69.3948,104.2072
0.77272,0.76796,0.77055,0.79546,0.79718,0.80258,68.7526,103.1591
0.77453,0.77006,0.7744,0.79684,0.79929,0.80666,69.3935,102.0107
0.77651,0.77202,0.77706,0.79824,0.80113,0.80873,66.3185,100.0629
0.77863,0.77377,0.77856,0.79965,0.80261,0.80895,66.3878,99.3278
0.7809,0.77533,0.77915,0.80108,0.80377,0.8079,65.9771,103.8959
0.78333,0.77678,0.7792,0.80257,0.80466,0.80627,67.4404,106.8239
0.78594,0.77823,0.779,0.80419,0.80544,0.80458,67.4944,102.6139
0.78876,0.77983,0.7788,0.80603,0.80628,0.80318,69.1521,103.5468
0.7918,0.78176,0.77882,0.80816,0.8074,0.8022,69.1454,106.6546
0.7951,0.78418,0.77929,0.81068,0.809,0.80177,69.7671,105.9761
0.79866,0.78727,0.78049,0.81365,0.81129,0.80209,68.7525,107.2052
0.80247,0.79111,0.78275,0.81714,0.81442,0.80346,67.3599,105.3709
0.80652,0.79577,0.78644,0.82116,0.8185,0.80629,66.9379,103.5781
0.81077,0.80123,0.79188,0.82568,0.82355,0.81102,66.9216,100.5878
0.81517,0.80738,0.79924,0.83066,0.82951,0.81797,67.2635,97.1525
0.81966,0.81404,0.80838,0.83599,0.83623,0.82722,67.0284,100.3424
0.82414,0.82098,0.81881,0.84155,0.84347,0.83845,68.4965,103.4267
0.82853,0.82788,0.82968,0.84718,0.8509,0.85086,68.2899,106.5032
0.83272,0.83444,0.8399,0.85272,0.8582,0.86323,67.4524,107.7404
0.83663,0.84035,0.84848,0.85798,0.86498,0.87421,69.7766,107.0072
0.84016,0.84539,0.85476,0.86281,0.87095,0.88268,70.2902,105.8902
0.84323,0.8494,0.85864,0.86705,0.87586,0.88814,63.4318,103.7918
0.8458,0.85233,0.86046,0.8706,0.87959,0.89071,63.7703,101.8782
0.84783,0.85421,0.86087,0.87338,0.88209,0.89105,73.8289,108.2318
0.84931,0.85516,0.86044,0.87537,0.88344,0.88997,73.6526,110.7306
0.85026,0.85531,0.85959,0.87656,0.88375,0.88813,74.9369,113.1929
0.85072,0.85481,0.85845,0.87702,0.88319,0.88592,74.0725,114.9525
0.85073,0.85382,0.85698,0.87682,0.88193,0.88346,77.1198,121.5675
0.85035,0.85247,0.85502,0.87605,0.88016,0.8807,70.8808,124.9101
0.84966,0.85085,0.85245,0.87485,0.87804,0.87756,71.6382,126.4789
0.84872,0.84907,0.84928,0.87332,0.87571,0.87404,69.0975,125.4908
0.84761,0.8472,0.84565,0.87158,0.87331,0.87024,68.6942,131.0388
0.84637,0.84532,0.84187,0.86973,0.87097,0.86641,69.4274,133.6477
0.84507,0.84349,0.83832,0.86786,0.86878,0.86286,68.986,136.5854
0.84374,0.84177,0.83538,0.86603,0.86681,0.85996,70.2133,132.8008
0.84241,0.84019,0.83331,0.8643,0.86511,0.85797,68.2451,123.673
0.84111,0.83877,0.83222,0.86269,0.86369,0.85702,67.575,101.2473
0.83985,0.83751,0.83196,0.86121,0.86251,0.85703,69.3722,97.4847
0.83863,0.83636,0.83222,0.85988,0.86151,0.85772,70.7947,95.091
0.83745,0.8353,0.83263,0.85867,0.86062,0.85866,69.0457,95.6591
0.83631,0.83429,0.83279,0.85759,0.85975,0.85938,68.8435,124.7434
0.83521,0.83329,0.83241,0.85661,0.85885,0.85949,69.5746,150.229
0.83416,0.83232,0.83134,0.85572,0.85788,0.85873,68.4195,159.4078
0.83314,0.83138,0.82966,0.85493,0.85686,0.85706,71.8401,164.3969
0.83217,0.83052,0.82762,0.85422,0.85583,0.85468,72.1553,157.5229
0.83124,0.8298,0.82557,0.85358,0.85485,0.85201,73.8463,143.8041
0.83036,0.82925,0.82393,0.85301,0.85399,0.84953,70.9803,134.5791
0.82951,0.82892,0.82303,0.85251,0.85331,0.84775,68.5932,134.2845
0.82869,0.82882,0.82303,0.85207,0.85284,0.84698,69.47,135.0936
0.82788,0.82892,0.82391,0.85165,0.85259,0.8473,70.9876,138.9196
0.82706,0.82916,0.8254,0.85124,0.8525,0.84853,71.3879,141.1815
0.8262,0.82945,0.82713,0.8508,0.85249,0.85023,71.7339,142.4122
0.82527,0.8297,0.82868,0.8503,0.85247,0.85188,74.0824,140.6873
0.82424,0.82979,0.8297,0.84968,0.85233,0.85301,74.907,137.049
0.82307,0.82964,0.82998,0.84892,0.85195,0.85335,75.3773,138.9256
0.82174,0.82916,0.82946,0.84796,0.85127,0.85282,74.9789,139.3999
0.82021,0.82831,0.82819,0.84678,0.85023,0.85153,74.086,139.6757
0.81847,0.82708,0.82627,0.84535,0.84881,0.84966,74.0928,137.6433
0.81651,0.82547,0.82376,0.84367,0.84701,0.84738,74.1056,139.2289
0.81433,0.82351,0.82079,0.84172,0.84488,0.84479,73.9067,137.318
0.81195,0.82125,0.81748,0.83953,0.84244,0.84192,74.0743,135.1304
0.80937,0.81873,0.81399,0.83711,0.83976,0.8388,74.1664,136.0123
0.80663,0.81599,0.81052,0.83448,0.83689,0.8355,74.661,135.6059
0.80375,0.81306,0.80722,0.83168,0.83387,0.83208,74.0633,135.3513
0.80075,0.80998,0.80416,0.82873,0.83074,0.82862,75.0754,135.7909
0.79766,0.80674,0.80128,0.82567,0.82752,0.82522,74.4819,136.0113
0.79451,0.80336,0.79844,0.82252,0.82425,0.82201,74.71,137.9055
0.79131,0.79983,0.79547,0.8193,0.82091,0.81904,75.1568,139.4688
0.78809,0.79614,0.79222,0.81604,0.81751,0.81629,75.1854,138.7043
0.78486,0.79228,0.78859,0.81274,0.81405,0.81365,75.4424,139.461
0.78164,0.78828,0.78451,0.80943,0.81054,0.81085,74.6069,137.7852
0.77846,0.78417,0.78001,0.80612,0.80697,0.80765,74.5518,138.0276
0.77534,0.77999,0.77516,0.80284,0.8034,0.80387,74.4182,136.5288
0.77232,0.77583,0.77013,0.79961,0.79986,0.79955,73.995,135.5301
0.76943,0.77177,0.7652,0.79646,0.7964,0.79496,73.7137,133.9056
0.76671,0.7679,0.76068,0.7934,0.79308,0.7905,74.1539,135.1839
0.76419,0.76429,0.75686,0.79048,0.78996,0.78656,74.7104,137.3845
0.7619,0.76098,0.75391,0.7877,0.78705,0.78339,75.2157,137.6636
0.75986,0.75803,0.75181,0.7851,0.78439,0.78103,75.2991,139.7458
0.75809,0.75543,0.75041,0.78269,0.78197,0.77932,77.3286,141.5246
0.7566,0.75319,0.74944,0.78049,0.7798,0.77797,76.4433,139.4137
0.75541,0.75127,0.74861,0.77851,0.77785,0.77663,75.7528,135.1834
0.75451,0.74967,0.74771,0.7768,0.77613,0.77506,75.0326,134.4871
0.75393,0.74837,0.74665,0.77538,0.77465,0.77317,73.8647,132.4756
0.75365,0.74738,0.74547,0.77429,0.77343,0.77102,73.1073,129.7424
0.7537,0.7467,0.74431,0.77358,0.77253,0.76884,72.1128,128.9493
0.75409,0.74638,0.7433,0.77328,0.77202,0.76691,71.6315,127.7015
0.75481,0.74647,0.74262,0.77346,0.77197,0.76555,71.4014,127.5506
0.7559,0.74702,0.74244,0.77413,0.77246,0.76499,71.2488,127.5743
0.75734,0.74808,0.74292,0.77531,0.77354,0.76545,71.7374,127.4108
0.75913,0.74968,0.74425,0.777,0.77526,0.76709,71.3748,127.7713
0.76128,0.75187,0.74659,0.77919,0.77762,0.77001,72.0436,128.6053
0.76377,0.75463,0.75004,0.78183,0.78059,0.77419,71.9461,128.0474
0.76657,0.75796,0.75459,0.78486,0.78411,0.77944,71.4136,127.0544
0.76966,0.76179,0.76012,0.78821,0.7881,0.78541,70.7328,113.1126
0.77298,0.76604,0.76638,0.7918,0.79243,0.79166,71.5912,110.2349
0.7765,0.7706,0.7731,0.79555,0.79695,0.7978,71.5404,103.3595
0.78017,0.77533,0.77996,0.79938,0.80154,0.80356,73.5616,103.9492
0.78393,0.78009,0.78661,0.80322,0.80604,0.80886,74.1181,98.5967
0.78775,0.78472,0.79269,0.80702,0.81033,0.81369,74.5899,123.278
0.79158,0.78911,0.79785,0.81075,0.81432,0.81802,74.2235,124.7591
0.79539,0.79317,0.80175,0.81441,0.81796,0.82169,72.3376,124.3282
0.79916,0.79686,0.80419,0.81799,0.82126,0.8245,70.3637,144.0471
0.80288,0.80018,0.80521,0.82154,0.82426,0.82629,66.7096,98.4693
0.80655,0.80322,0.80508,0.8251,0.82709,0.82711,64.5866,91.7972
0.81018,0.80609,0.80428,0.82873,0.82988,0.82726,65.5456,98.0711
0.81377,0.80894,0.80341,0.83248,0.8328,0.8273,67.5466,102.4133
0.81733,0.81195,0.80313,0.83641,0.83605,0.82789,67.6443,112.5864
0.82087,0.81525,0.80395,0.84053,0.83976,0.82965,68.0538,119.9454
0.82438,0.81899,0.80634,0.84486,0.84407,0.83302,68.7498,118.7292
0.82786,0.82321,0.81059,0.84939,0.84901,0.83829,69.3874,121.177
0.83127,0.82789,0.81681,0.85405,0.85454,0.84559,69.4705,118.477
0.8346,0.83294,0.8249,0.85876,0.86051,0.8548,69.1516,123.7822
0.83777,0.83817,0.83441,0.8634,0.86671,0.86551,68.7834,122.0016
0.84075,0.84334,0.84453,0.86784,0.87282,0.87691,68.6118,120.6343
0.84346,0.84816,0.85419,0.87194,0.87852,0.8878,67.3433,121.3894
0.84586,0.85235,0.86219,0.87556,0.88347,0.8968,68.1707,121.4658
0.84789,0.8557,0.8676,0.87858,0.88739,0.90274,67.2899,116.5
0.84953,0.85804,0.86998,0.88093,0.89012,0.90504,66.8976,110.6304
0.85075,0.85933,0.86951,0.88257,0.89159,0.90392,65.7334,110.8172
0.85156,0.8596,0.86688,0.88349,0.89185,0.90024,68.2979,110.7622
0.852,0.859,0.86297,0.88375,0.89108,0.89516,66.0465,110.1107
0.85209,0.85771,0.85864,0.88342,0.88951,0.88971,65.4656,111.4475
0.85188,0.85596,0.85452,0.8826,0.88741,0.88462,65.7973,110.888
0.85145,0.85396,0.85095,0.88142,0.88503,0.88028,65.7479,112.4876
0.85085,0.8519,0.84803,0.88,0.88259,0.87678,66.4971,111.6161
0.85013,0.84992,0.8457,0.87844,0.88026,0.87408,65.8991,111.4415
0.84935,0.84812,0.84388,0.87684,0.87816,0.87211,66.1354,112.2256
0.84854,0.84656,0.8424,0.87529,0.87634,0.87072,66.2765,111.765
0.84775,0.84527,0.84122,0.87383,0.87482,0.86977,66.1528,111.2937
0.847,0.84423,0.84029,0.87252,0.87358,0.86915,66.2144,113.6973
0.84631,0.84342,0.83963,0.87137,0.87258,0.86876,66.0682,110.3308
0.84568,0.84282,0.83922,0.87038,0.87179,0.86851,65.8147,108.2402
0.84513,0.84239,0.839,0.86956,0.87115,0.86835,65.0493,109.1405
0.84465,0.8421,0.83891,0.86887,0.87064,0.86818,65.5448,107.6793
0.84424,0.8419,0.83889,0.86831,0.8702,0.86795,64.8051,107.0987
0.8439,0.84177,0.8389,0.86786,0.86981,0.86762,64.999,108.4406
0.84362,0.84167,0.83895,0.86748,0.86946,0.86721,64.8539,108.9421
0.84341,0.84161,0.83902,0.86718,0.86913,0.86674,65.2161,109.8836
0.84324,0.84156,0.83915,0.86692,0.86883,0.8663,65.0425,110.9929
0.84313,0.84153,0.83935,0.86671,0.86857,0.86598,65.7239,110.8302
0.84305,0.84152,0.83959,0.86654,0.86835,0.86584,66.4297,109.9056
0.84302,0.84153,0.83987,0.86639,0.86818,0.86591,65.9835,108.247
0.84301,0.84154,0.84014,0.86628,0.86805,0.86614,66.4206,107.0038
0.84303,0.84157,0.84035,0.86619,0.86797,0.86637,66.2118,106.6547
0.84308,0.84162,0.84041,0.86613,0.86795,0.86645,66.0969,106.6962
0.84314,0.8417,0.84029,0.86608,0.86797,0.86623,66.0208,106.2966
0.84322,0.8418,0.84003,0.86604,0.86803,0.86569,66.3495,105.5286
0.84331,0.84194,0.83975,0.86602,0.86815,0.86499,66.2313,105.0811
0.84342,0.84212,0.83966,0.86599,0.86829,0.86442,66.0128,104.1783
0.84353,0.84232,0.83998,0.86597,0.86845,0.86434,65.5844,104.0879
0.84365,0.84251,0.8408,0.86594,0.86857,0.86499,65.7636,103.7976
0.84377,0.84266,0.84202,0.86591,0.86863,0.86636,66.3616,103.5754
0.8439,0.84273,0.84333,0.8659,0.86856,0.86814,64.9173,102.3294
0.84403,0.84268,0.84427,0.8659,0.86836,0.86976,64.5505,100.0844
0.84417,0.84251,0.84437,0.86595,0.868,0.87059,64.6318,99.8079
0.84434,0.84225,0.84337,0.86608,0.86754,0.87015,64.9792,99.3127
0.84454,0.84196,0.84132,0.86631,0.86705,0.86833,65.0807,98.7291
0.84478,0.84175,0.83866,0.86668,0.86665,0.86547,64.6286,99.9941
0.84507,0.84174,0.83602,0.86723,0.86648,0.86227,66.5262,101.9516
0.84542,0.84206,0.83409,0.86797,0.86669,0.85956,66.9674,102.893
0.84583,0.84281,0.83342,0.86892,0.86738,0.85812,67.7203,103.2273
0.84627,0.84404,0.83432,0.87005,0.86862,0.85845,67.2831,102.4738
0.84672,0.84574,0.83681,0.87133,0.87041,0.86074,68.2537,102.709
0.84716,0.84783,0.84069,0.87269,0.87266,0.86483,69.7447,104.8156
0.84752,0.85016,0.84556,0.87406,0.8752,0.87027,67.9386,107.1064
0.84776,0.85255,0.85088,0.8753,0.87781,0.8764,70.0715,109.4013
0.84779,0.85476,0.85607,0.87632,0.88023,0.88247,71.4851,113.7649
0.84757,0.85656,0.86049,0.87697,0.88218,0.88769,72.4262,122.0384
0.84702,0.85773,0.86358,0.87715,0.88341,0.89138,71.564,124.2945
0.84611,0.85809,0.86494,0.87674,0.88373,0.89305,71.7899,122.6398
0.84479,0.85755,0.86438,0.87569,0.88301,0.8925,71.0229,120.2649
0.84305,0.85605,0.86195,0.87396,0.88123,0.88977,70.1702,118.9108
0.84091,0.8536,0.8579,0.87154,0.87842,0.88516,69.4433,115.3904
0.83839,0.85028,0.85258,0.86851,0.87471,0.87913,68.3563,113.3273
0.83554,0.84622,0.84637,0.86492,0.87025,0.87217,68.3468,113.6398
0.83243,0.84158,0.83966,0.8609,0.86526,0.86476,68.6639,110.7786
0.82914,0.83653,0.83275,0.85658,0.85994,0.85733,67.9297,110.7953
0.82575,0.83125,0.82594,0.85209,0.85451,0.85017,67.0723,111.1221
0.82234,0.82593,0.81944,0.84759,0.84915,0.84352,66.3545,112.4874
0.81899,0.82074,0.81341,0.8432,0.84403,0.83753,65.7953,112.0998
0.81578,0.81581,0.80794,0.83905,0.83928,0.83228,65.7602,112.4196
0.81278,0.81129,0.80308,0.83525,0.83501,0.82781,65.7982,111.703
0.81004,0.80727,0.79885,0.83187,0.8313,0.82413,66.0484,108.6083
0.80761,0.80384,0.79523,0.82899,0.8282,0.8212,66.231,105.6572
0.80552,0.80105,0.79226,0.82665,0.82574,0.81897,65.906,105.6381
0.8038,0.79894,0.78996,0.82486,0.82394,0.81737,66.3715,105.0068
0.80244,0.79753,0.78842,0.82362,0.82278,0.81633,65.5559,104.238
0.80144,0.79682,0.78774,0.82291,0.82225,0.81583,66.0884,102.5358
0.80078,0.79676,0.78802,0.82267,0.82233,0.81593,65.6949,99.9206
0.80043,0.79729,0.78934,0.82285,0.82294,0.81671,66.2627,99.6691
0.80034,0.79831,0.79172,0.82337,0.824,0.81828,65.0688,100.9948
0.80046,0.79969,0.795,0.82413,0.82541,0.82069,65.6999,101.5174
0.80074,0.80128,0.79889,0.82505,0.82702,0.82383,65.9462,102.0676
0.80111,0.80291,0.80293,0.82603,0.8287,0.82742,66.3081,102.6237
0.80152,0.80443,0.80659,0.82697,0.83028,0.83101,66.4737,102.8274
0.80192,0.80568,0.80936,0.82779,0.83161,0.83404,66.2955,101.9346
0.80225,0.80655,0.81091,0.82844,0.83258,0.83605,67.466,99.273
0.80249,0.80698,0.81115,0.82884,0.8331,0.83677,67.5703,96.2027
0.80262,0.80695,0.81023,0.82899,0.83316,0.83623,68.1942,99.5654
0.80261,0.80648,0.80852,0.82886,0.83275,0.83472,68.4371,97.94
0.80248,0.80563,0.80644,0.82846,0.83193,0.83269,68.977,98.3027
0.80222,0.80447,0.80438,0.82782,0.83078,0.83058,69.6666,100.7169
0.80187,0.8031,0.80257,0.82699,0.82937,0.82868,67.4897,101.1792
0.80144,0.80159,0.80103,0.82602,0.82779,0.82708,68.8431,101.7092
0.80098,0.80002,0.79964,0.82497,0.82612,0.82567,68.4031,103.1171
0.80053,0.79847,0.79814,0.82392,0.82443,0.82419,69.6311,100.8309
0.80012,0.797,0.79633,0.82293,0.8228,0.8224,67.9176,107.7537
0.79981,0.7957,0.7941,0.82209,0.82132,0.82015,68.0647,113.4924
0.79963,0.79468,0.79156,0.82144,0.8201,0.81755,67.1739,122.0633
0.79962,0.79404,0.78907,0.82105,0.81924,0.8149,67.5296,126.2732
0.79981,0.79385,0.78709,0.82097,0.81883,0.81271,69.1621,134.959
0.80019,0.79421,0.78613,0.8212,0.81895,0.81147,68.344,135.2821
0.80077,0.79515,0.78654,0.82176,0.81966,0.81159,68.7115,133.5303
0.80152,0.79667,0.78842,0.82262,0.82093,0.81324,69.7452,127.0505
0.80242,0.7987,0.79162,0.82374,0.82272,0.81632,69.171,124.2584
0.80342,0.80113,0.7958,0.82505,0.82492,0.82046,67.9755,120.0678
0.80445,0.80381,0.8005,0.82646,0.82737,0.82517,67.2841,117.128
0.80545,0.80653,0.80529,0.8279,0.82988,0.82991,66.7814,116.1593
0.80637,0.80911,0.80985,0.82924,0.83225,0.83421,66.2655,113.905
0.80713,0.81134,0.8139,0.8304,0.8343,0.83775,65.981,115.4949
0.80768,0.81306,0.81721,0.8313,0.83586,0.8403,66.0448,115.8689
0.80799,0.81415,0.81952,0.83186,0.83681,0.84172,66.3501,115.925
0.80802,0.81457,0.82058,0.83204,0.8371,0.8419,65.9868,118.3425
0.80778,0.8143,0.82022,0.83183,0.83672,0.84079,66.6461,117.4103
0.80726,0.8134,0.81847,0.83123,0.83573,0.83849,66.5414,116.008
0.8065,0.81198,0.81559,0.83028,0.83422,0.83527,66.5662,115.7419
0.80551,0.81014,0.81201,0.82902,0.83231,0.83156,66.4595,115.3389
0.80434,0.80802,0.80819,0.82752,0.83014,0.82784,66.5031,114.121
0.80303,0.80574,0.80452,0.82585,0.82784,0.8245,66.7787,111.9404
0.80163,0.8034,0.80118,0.82407,0.82551,0.82173,66.7596,110.8723
0.80017,0.80111,0.79822,0.82225,0.82326,0.81952,66.9436,110.8415
0.79869,0.7989,0.79556,0.82046,0.82113,0.81769,66.8188,111.2619
0.79724,0.79685,0.7931,0.81873,0.81917,0.81601,66.1692,111.0967
0.79583,0.79496,0.79081,0.81711,0.81741,0.81433,65.3379,111.097
0.79449,0.79327,0.7887,0.81564,0.81585,0.81262,66.5657,111.4693
0.79324,0.79178,0.78685,0.81433,0.81451,0.81096,66.9411,111.4254
0.7921,0.79051,0.78538,0.8132,0.81339,0.80951,66.2695,111.7593
0.79107,0.78946,0.78437,0.81225,0.8125,0.80843,66.2595,111.0902
0.79017,0.78864,0.78384,0.81148,0.81182,0.80784,66.4959,111.2763
0.78937,0.78802,0.78374,0.81087,0.81135,0.80775,66.2894,110.7376
0.78869,0.7876,0.78397,0.8104,0.81107,0.80806,66.6872,110.9539
0.78811,0.78733,0.78437,0.81005,0.81093,0.80864,66.412,110.8047
0.78762,0.78718,0.7848,0.80979,0.8109,0.80929,66.4316,110.9106
0.7872,0.78711,0.78516,0.8096,0.81092,0.80986,66.4693,110.697
0.78683,0.78708,0.78538,0.80946,0.81096,0.81025,66.4347,110.5796
0.78651,0.78706,0.78548,0.80933,0.81098,0.81042,66.4457,110.185
0.78624,0.78701,0.78547,0.8092,0.81095,0.81037,66.2653,109.9082
0.78598,0.78693,0.78541,0.80906,0.81088,0.81014,66.2481,109.5456
0.78575,0.78679,0.78534,0.8089,0.81075,0.80977,66.4695,108.977
0.78554,0.7866,0.7853,0.80872,0.81058,0.80933,66.1526,108.3491
0.78534,0.78636,0.78528,0.80852,0.81036,0.80888,66.4475,108.3935
0.78515,0.78607,0.78524,0.80831,0.81012,0.80845,66.2135,108.8691
0.78497,0.78573,0.78511,0.8081,0.80986,0.80807,66.3937,108.8586
0.7848,0.78535,0.78481,0.80791,0.8096,0.80772,66.5251,109.1416
0.78465,0.78495,0.78427,0.80776,0.80933,0.80738,66.3104,109.729
0.78453,0.78452,0.78349,0.80767,0.8091,0.80702,66.33,109.9343
0.78444,0.78409,0.7825,0.80767,0.8089,0.80665,66.2008,110.2909
0.78439,0.7837,0.78141,0.80778,0.80879,0.80632,65.5397,109.4603
0.7844,0.78335,0.7803,0.80803,0.8088,0.80606,65.4033,109.7287
0.78446,0.78309,0.77922,0.80844,0.80894,0.80593,65.3649,109.6742
0.7846,0.78294,0.77823,0.80903,0.80927,0.80591,65.6662,108.5663
0.7848,0.78295,0.77737,0.80979,0.80982,0.80595,65.8626,108.0315
0.78506,0.78318,0.77671,0.81073,0.81066,0.80601,66.3449,108.3042
0.78537,0.78369,0.77636,0.81181,0.81181,0.8061,66.4846,109.113
0.78571,0.78451,0.77645,0.81301,0.8133,0.80637,66.5303,108.9829
0.78606,0.78562,0.77722,0.81427,0.81511,0.80714,66.6189,109.8595
0.78638,0.78698,0.77899,0.81552,0.81716,0.80892,66.2269,110.0334
0.78663,0.78846,0.78203,0.81667,0.81932,0.81223,66.2754,109.7438
0.78677,0.7899,0.78636,0.81763,0.82139,0.81732,66.0248,109.8937
0.78678,0.79109,0.79161,0.81833,0.82314,0.82384,65.8812,109.6446
0.78663,0.7918,0.79688,0.81866,0.82432,0.83075,65.9597,109.9286
0.7863,0.79186,0.80091,0.81857,0.82472,0.8364,65.8938,109.7592
0.78579,0.79113,0.80251,0.81804,0.82418,0.83913,65.7158,109.4228
0.78513,0.78962,0.80105,0.81705,0.82266,0.83787,65.7644,108.6545
0.78433,0.78741,0.79675,0.81564,0.82025,0.83268,65.4229,108.6419
0.78345,0.78471,0.79057,0.8139,0.81713,0.82468,65.1272,108.1044
0.78254,0.78177,0.78377,0.81191,0.8136,0.81554,64.3201,108.0279
0.78167,0.77889,0.77749,0.8098,0.80995,0.80683,64.8777,107.632
0.78089,0.77634,0.77245,0.8077,0.8065,0.7996,64.7896,107.3813
0.78028,0.77435,0.76896,0.80573,0.80351,0.79435,64.9342,106.4157
0.77986,0.77304,0.76707,0.80402,0.80118,0.7911,65.9423,106.6575
0.77968,0.7725,0.76664,0.80263,0.7996,0.78966,66.0451,106.7736
0.77975,0.7727,0.76751,0.80164,0.79881,0.78975,65.7823,107.0776
0.78007,0.77359,0.76951,0.80106,0.79876,0.79111,65.7277,105.5077
0.78063,0.77502,0.77239,0.80089,0.79935,0.79342,65.617,104.0326
0.78139,0.77687,0.77585,0.80109,0.80045,0.79635,65.2673,104.1826
0.78233,0.77895,0.7796,0.80161,0.80189,0.79956,65.1359,107.3596
0.78338,0.78112,0.78335,0.80237,0.80353,0.80273,65.3108,110.1324
0.78452,0.78323,0.78682,0.80329,0.80523,0.80562,65.3797,111.1207
0.78569,0.78516,0.7898,0.8043,0.80685,0.80805,65.3331,112.4864
0.78686,0.78682,0.79213,0.80532,0.8083,0.80992,65.8135,110.1019
0.788,0.78812,0.79375,0.80631,0.8095,0.81122,65.9565,109.2917
0.78909,0.78904,0.7946,0.80723,0.81043,0.81198,66.1222,108.6188
0.79012,0.7896,0.79473,0.80806,0.81107,0.81225,66.3968,109.3466
0.79109,0.78984,0.79418,0.80882,0.81148,0.81209,66.3692,108.0469
0.79202,0.78982,0.79306,0.80953,0.81171,0.81159,66.401,108.0708
0.79292,0.78965,0.79152,0.81024,0.81185,0.81084,66.7081,108.5022
0.79383,0.78944,0.78973,0.81099,0.81201,0.80999,66.6332,108.0632
0.79477,0.78931,0.78792,0.81186,0.81229,0.80921,67.0694,108.3619
0.79579,0.78939,0.78633,0.8129,0.81279,0.80871,67.0073,108.3211
0.79693,0.78979,0.78521,0.81417,0.81361,0.8087,66.4822,108.2807
0.79821,0.79062,0.78478,0.81571,0.81485,0.80936,66.12,107.6202
0.79966,0.79194,0.78521,0.81754,0.81654,0.81084,65.9213,107.3177
0.8013,0.7938,0.78657,0.81968,0.81871,0.81317,65.9113,107.5311
0.80314,0.7962,0.78884,0.82212,0.82137,0.8163,65.9303,107.0033
0.80516,0.79914,0.79193,0.82482,0.82448,0.82009,65.8245,106.0891
0.80736,0.80258,0.79573,0.82772,0.82797,0.82433,66.2095,105.852
0.80967,0.80645,0.80014,0.83075,0.83178,0.82884,67.0735,106.5545
0.81206,0.81065,0.80512,0.83382,0.83578,0.83351,66.9911,107.3159
0.81446,0.81503,0.81075,0.83681,0.83983,0.83833,66.6903,107.2746
0.81678,0.81944,0.81706,0.83962,0.84377,0.84336,66.3205,106.9474
0.81895,0.82367,0.82398,0.84212,0.8474,0.84861,65.4214,105.8029
0.82087,0.82749,0.83121,0.8442,0.85052,0.8539,64.9778,104.3644
0.82247,0.83067,0.83812,0.84577,0.85292,0.85875,64.6735,103.2591
0.82369,0.83298,0.84387,0.84674,0.85442,0.86248,65.0217,102.8027
0.82448,0.83426,0.84759,0.84707,0.85489,0.86433,65.2661,102.5688
0.82483,0.83439,0.84861,0.84678,0.85428,0.86376,65.9357,103.2532
0.82474,0.83337,0.8467,0.8459,0.85263,0.86065,66.9453,104.0325
0.82425,0.83128,0.84212,0.8445,0.85008,0.85539,66.9288,105.8228
0.82343,0.82832,0.83553,0.84271,0.84684,0.84871,66.4951,106.2558
0.82236,0.82474,0.82779,0.84065,0.8432,0.84149,66.577,106.6351
0.82112,0.82085,0.81976,0.83847,0.83945,0.83453,66.4802,106.6357
0.81983,0.81695,0.81222,0.83633,0.83591,0.82843,66.1647,104.8519
0.81858,0.81332,0.80576,0.83436,0.83281,0.82361,65.789,103.7231
0.81745,0.81018,0.8008,0.83268,0.83035,0.82028,63.7965,101.4912
0.81651,0.80769,0.79757,0.83139,0.82866,0.81853,64.936,94.062
0.81581,0.80596,0.79612,0.83053,0.82778,0.81835,65.9578,95.3445
0.81539,0.80499,0.79629,0.83015,0.82768,0.81959,66.0757,94.5472
0.81526,0.80477,0.79777,0.83024,0.82831,0.82198,66.6026,94.542
0.81541,0.80519,0.80016,0.83078,0.82953,0.82517,66.5199,98.2632
0.81583,0.80617,0.80305,0.83171,0.83122,0.82875,66.7051,99.1679
0.81648,0.80758,0.80607,0.83298,0.83323,0.83232,67.7176,99.4641
0.81734,0.80931,0.80896,0.83452,0.83545,0.83557,68.1718,102.9103
0.81836,0.81125,0.81158,0.83626,0.83775,0.83834,68.3509,103.7598
0.81952,0.8133,0.81393,0.83814,0.84006,0.8406,68.1636,105.1015
0.82077,0.81539,0.81606,0.8401,0.84232,0.84246,67.3097,103.3866
0.8221,0.81749,0.8181,0.84208,0.84451,0.84408,67.0209,103.1627
0.82347,0.81956,0.82015,0.84404,0.84661,0.84564,67.6916,97.7792
0.82486,0.82158,0.82228,0.84596,0.84862,0.84728,67.0785,97.2571
0.82624,0.82352,0.82449,0.84779,0.85054,0.84906,68.1729,100.9437
0.82761,0.82538,0.82674,0.84952,0.85236,0.85096,67.7684,99.3748
0.82892,0.82712,0.82892,0.85111,0.85407,0.85289,67.9184,101.612
0.83015,0.82872,0.83092,0.85256,0.85565,0.85475,68.841,104.647
0.83129,0.83015,0.83267,0.85383,0.85708,0.85643,69.249,109.7403
0.83232,0.83136,0.83411,0.85493,0.85832,0.8579,70.3353,108.7136
0.83322,0.83232,0.83526,0.85584,0.85935,0.85915,71.4354,106.8467
0.83398,0.83301,0.83613,0.85657,0.86013,0.86019,71.3998,102.744
0.83461,0.83341,0.83669,0.85713,0.86065,0.861,71.124,102.1216
0.8351,0.8335,0.83688,0.85755,0.86091,0.86153,70.8199,98.0235
0.83549,0.83331,0.83655,0.85784,0.86091,0.86163,67.4066,95.2407
0.83577,0.83286,0.83557,0.85805,0.86069,0.86117,66.302,100.5594
0.83597,0.83221,0.83389,0.85822,0.86032,0.86006,64.4072,103.0259
0.83613,0.83146,0.83155,0.85838,0.85989,0.85832,63.6361,104.8584
0.83626,0.83071,0.82881,0.85858,0.85952,0.85616,63.5789,104.6038
0.83638,0.8301,0.82607,0.85885,0.85933,0.85391,63.6487,105.522
0.8365,0.82973,0.82384,0.85919,0.85944,0.85206,63.8511,111.2733
0.83664,0.82969,0.82267,0.85962,0.85992,0.85117,64.7556,124.0509
0.83679,0.83001,0.82302,0.8601,0.86077,0.85177,65.6833,121.6502
0.83695,0.83068,0.82515,0.86062,0.86194,0.85423,67.0241,115.5092
0.8371,0.83159,0.82892,0.86112,0.86328,0.85857,67.2357,112.7233
0.83723,0.8326,0.83376,0.86156,0.86462,0.86423,66.8998,110.644
0.83734,0.83355,0.83872,0.86187,0.86573,0.87017,68.1892,109.5449
0.83742,0.83427,0.84269,0.86201,0.86641,0.87499,68.3948,107.2797
0.83745,0.83464,0.8448,0.86194,0.8665,0.8774,67.6308,106.5132
0.83747,0.83459,0.84468,0.86165,0.86593,0.87672,67.4471,112.9706
0.83746,0.83415,0.84261,0.86114,0.86475,0.87311,67.3821,114.6504
0.83747,0.83343,0.83936,0.86043,0.86308,0.86749,68.1986,121.6592
0.8375,0.83256,0.83584,0.85955,0.86113,0.86115,69.9861,121.6867
0.83758,0.83174,0.83284,0.85856,0.85912,0.85529,70.3659,122.3854
0.83772,0.83113,0.83088,0.85748,0.85727,0.85073,71.0177,122.7991
0.83794,0.83087,0.8302,0.85635,0.85574,0.84789,71.7617,122.928
0.83822,0.83102,0.83086,0.8552,0.85463,0.8468,72.4191,115.3548
0.83856,0.83157,0.83273,0.85403,0.85395,0.8473,71.5667,111.9481
0.83893,0.83246,0.83563,0.85282,0.85361,0.84901,70.8973,112.0464
0.83931,0.83355,0.83925,0.85155,0.85346,0.85148,69.889,109.0361
0.83967,0.83467,0.84313,0.85015,0.8533,0.85416,70.3489,107.2912
0.84,0.83564,0.84678,0.84859,0.85293,0.85642,69.7736,106.3657
0.84027,0.83628,0.84968,0.84683,0.85215,0.85772,69.326,105.0412
0.84049,0.83648,0.8514,0.84484,0.85081,0.85763,69.3706,108.0131
0.8407,0.83616,0.85169,0.84261,0.84885,0.85594,68.5057,111.5724
0.84093,0.83532,0.85049,0.84019,0.84626,0.85264,68.8846,112.9723
0.84128,0.83405,0.84797,0.83762,0.84314,0.84798,68.2,117.7335
0.84183,0.8325,0.84444,0.83501,0.83965,0.84237,67.4962,114.8933
0.84271,0.8309,0.84029,0.83252,0.83603,0.8363,67.3544,114.7839
0.84404,0.82951,0.83593,0.83029,0.83253,0.8303,67.7711,117.2005
0.84596,0.82861,0.83176,0.82853,0.82945,0.82484,67.5365,116.5533
0.84861,0.82848,0.82818,0.82745,0.82708,0.82028,67.537,114.6852
0.85212,0.82942,0.82554,0.82724,0.8257,0.81688,66.9515,115.0272
0.85661,0.83166,0.82425,0.82813,0.82557,0.81483,66.6097,117.7465
0.8622,0.83542,0.82472,0.83029,0.82691,0.81431,65.9768,114.2936
0.86896,0.84087,0.82743,0.8339,0.82993,0.81554,66.245,114.0516
0.87699,0.84814,0.8329,0.83912,0.83481,0.81885,68.5637,114.5252
0.88635,0.85731,0.84161,0.84607,0.84166,0.82464,69.0878,116.2015
0.89708,0.8684,0.85387,0.85487,0.85058,0.83329,69.4857,115.089
0.90923,0.88139,0.86963,0.86561,0.86165,0.84501,69.0849,117.6066
0.9228,0.8962,0.88844,0.8784,0.87487,0.8597,69.7467,117.0377
0.93782,0.91273,0.90943,0.89333,0.89029,0.87691,67.9193,114.9303
0.95429,0.93084,0.93137,0.91048,0.90791,0.89597,66.9176,115.8236
0.97218,0.95041,0.95312,0.92996,0.9278,0.91613,65.7126,114.4372
0.99147,0.97134,0.97396,0.95187,0.95008,0.93695,65.0799,115.6108
1.01212,0.9936,0.99395,0.97634,0.97492,0.95857,65.3904,116.2624
1.03403,1.01716,1.01394,1.00347,1.00257,0.98189,65.7071,116.0353
1.05711,1.04205,1.03546,1.03335,1.03329,1.00852,66.5649,114.2478
1.08119,1.06824,1.06032,1.06607,1.06732,1.04046,66.3083,112.0854
1.10607,1.09567,1.08994,1.10163,1.10481,1.07983,66.5783,111.5146
1.13146,1.12408,1.12489,1.14001,1.14574,1.12823,65.8146,111.4388
1.15701,1.15303,1.1641,1.18108,1.18989,1.18625,66.2399,110.9491
1.1824,1.18184,1.20492,1.22462,1.23675,1.25268,65.8732,110.8858
1.20688,1.21004,1.24294,1.27028,1.28557,1.32423,66.5276,110.373
1.23004,1.23595,1.27234,1.31759,1.33541,1.39573,66.3491,110.7383
1.25167,1.25746,1.28865,1.3659,1.38525,1.46145,66.4256,109.9775
1.27111,1.27191,1.28769,1.41447,1.43414,1.51727,66.2092,109.8746
1.28796,1.27817,1.26887,1.46235,1.48128,1.56228,66.1404,108.8371
1.30196,1.27679,1.23253,1.5085,1.52604,1.59897,65.7781,109.078
1.31302,1.26421,1.17852,1.55175,1.5683,1.6317,65.9989,109.5518
1.32124,1.23925,1.10812,1.5908,1.60793,1.66475,65.5678,109.3701
1.32697,1.20181,1.02765,1.62434,1.64471,1.70067,66.6937,108.7761
1.33077,1.15343,0.94248,1.65108,1.67815,1.74026,65.9341,108.6124
1.33339,1.09723,0.86128,1.66991,1.70726,1.78233,65.6568,108.2851
1.33566,1.03754,0.79232,1.68002,1.73044,1.824,65.9517,108.294
1.33838,0.97911,0.74171,1.68102,1.74559,1.86024,66.4949,107.2426
1.34219,0.92624,0.71336,1.67311,1.75045,1.88363,66.032,107.2913
1.3475,0.88237,0.70974,1.65701,1.74312,1.8854,65.9688,107.1844
1.35436,0.84985,0.73289,1.63401,1.72279,1.85778,66.3294,107.1893
1.36248,0.8301,0.78447,1.60578,1.69016,1.79856,66.3836,107.23
1.37129,0.82387,0.8646,1.57418,1.64748,1.71324,66.6403,107.7856
1.38002,0.83138,0.96889,1.54109,1.59827,1.61369,66.4979,107.8118
1.38786,0.85249,1.08558,1.50824,1.54658,1.51343,65.6404,107.7864
1.39411,0.88658,1.19624,1.47707,1.49635,1.42351,66.4635,108.3203
1.39832,0.93236,1.28271,1.44868,1.45084,1.35073,66.5012,108.139
1.40037,0.9876,1.335,1.42388,1.41234,1.29808,66.1697,108.2468
1.4003,1.0491,1.35863,1.40306,1.38217,1.26588,66.642,107.0003
1.39843,1.11272,1.36112,1.38637,1.36076,1.25292,67.3143,105.7592
1.39515,1.1739,1.34819,1.3737,1.34772,1.25712,67.5905,103.9885
1.39081,1.22845,1.32056,1.3647,1.34205,1.27564,67.3651,103.7577
1.38573,1.27338,1.27725,1.35891,1.34227,1.30483,68.5696,107.5748
1.37999,1.30715,1.22573,1.35568,1.34654,1.3399,68.6813,110.1727
1.3739,1.32954,1.17362,1.35436,1.35295,1.37501,67.8916,110.9174
1.36718,1.34244,1.13043,1.35422,1.35964,1.40381,69.2339,113.2388
1.3596,1.34786,1.10347,1.35458,1.36512,1.42079,68.9034,114.4486
1.35148,1.34764,1.09588,1.35478,1.36835,1.42308,69.34,114.5588
1.34275,1.34219,1.10654,1.35429,1.36891,1.41166,69.9964,113.1585
1.33336,1.33197,1.13077,1.35266,1.36693,1.39083,71.2559,114.1639
1.32333,1.3214,1.162,1.34955,1.36266,1.36657,71.6881,113.6478
1.31266,1.31099,1.19381,1.3447,1.35673,1.3444,71.5665,114.0311
1.30135,1.30101,1.22164,1.33795,1.34964,1.32807,71.2642,114.4191
1.28937,1.29155,1.24364,1.32915,1.34165,1.31903,70.7142,116.6095
1.27669,1.28242,1.25993,1.31821,1.33267,1.31665,70.6022,126.1687
1.26322,1.27325,1.27155,1.30506,1.32232,1.31872,71.8158,130.5784
1.2489,1.2635,1.28034,1.28965,1.31003,1.32201,72.0953,131.8666
1.23367,1.25264,1.28325,1.27202,1.29512,1.32288,72.5555,131.7248
1.21753,1.2401,1.28151,1.25227,1.27706,1.31769,72.6121,131.716
1.20054,1.22551,1.2738,1.2306,1.25556,1.30357,72.2531,129.4307
1.18281,1.20873,1.25864,1.20731,1.23072,1.27906,71.5817,120.9373
1.16451,1.18993,1.23558,1.18281,1.20308,1.24461,70.5402,118.6212
1.1459,1.16956,1.2057,1.15758,1.17351,1.20254,69.3145,114.6658
1.12721,1.14816,1.17147,1.13213,1.14305,1.15655,67.7997,111.6249
1.10873,1.12643,1.13609,1.10699,1.11281,1.11072,67.1372,108.5616
1.09072,1.10512,1.10257,1.08265,1.08377,1.06853,66.2447,106.7654
1.07339,1.08483,1.07299,1.05954,1.05672,1.03226,66.3098,106.1718
1.05694,1.066,1.04825,1.03801,1.0322,1.00284,65.4711,106.5259
1.04153,1.04888,1.02821,1.01833,1.01051,0.98005,65.7416,106.9045
1.02726,1.0336,1.01199,1.00066,0.99174,0.96288,65.3428,108.0489
1.01419,1.02013,0.99845,0.98509,0.97581,0.94997,64.4789,107.2001
1.00234,1.0083,0.98656,0.97163,0.96255,0.94003,65.1553,104.4148
0.99171,0.99794,0.97565,0.96021,0.95172,0.93211,64.5744,100.9141
0.98225,0.98885,0.9655,0.95073,0.94305,0.92571,65.3234,100.1203
0.97389,0.98085,0.9562,0.94303,0.9363,0.9207,65.3981,100.5069
0.96653,0.97381,0.94815,0.93693,0.93121,0.91716,66.4279,101.5128
0.96008,0.96762,0.94168,0.93221,0.92756,0.91518,67.3283,105.9236
0.95439,0.96221,0.93701,0.92865,0.92512,0.91474,67.163,112.1492
0.94936,0.95751,0.93419,0.92603,0.92365,0.91567,66.6193,113.1646
0.94485,0.95343,0.93307,0.92411,0.92292,0.9177,66.3546,113.4
0.94073,0.94983,0.93327,0.92268,0.92266,0.92043,66.6716,111.4301
0.93691,0.9466,0.93427,0.92155,0.92261,0.9234,65.1461,109.5737
0.93328,0.94357,0.93545,0.92053,0.92252,0.92607,65.1649,104.4624
0.92977,0.94059,0.93617,0.91948,0.92218,0.92794,65.4752,100.6468
0.92632,0.93752,0.93589,0.91829,0.92143,0.92856,65.1367,99.4887
0.92289,0.93427,0.93427,0.91688,0.92016,0.92767,65.5855,100.6326
0.91948,0.93076,0.93122,0.91521,0.91833,0.92522,67.382,102.5738
0.91608,0.92698,0.92688,0.91329,0.91596,0.92141,68.7849,107.7752
0.91269,0.92295,0.92155,0.91115,0.91315,0.91662,69.2751,110.549
0.90936,0.91874,0.91556,0.90886,0.91003,0.91127,69.7194,111.9129
0.9061,0.91443,0.90921,0.9065,0.90674,0.9058,70.9505,119.0138
0.90297,0.91014,0.90277,0.90417,0.90347,0.90055,72.7335,121.7707
0.9,0.90599,0.89645,0.90197,0.90038,0.89577,73.6781,123.9067
0.89723,0.90211,0.8905,0.9,0.89763,0.89167,74.8489,125.6052
0.8947,0.89862,0.88517,0.89836,0.89535,0.88839,75.4379,125.9939
0.89244,0.89562,0.88068,0.8971,0.89367,0.88604,74.8729,127.0825
0.89047,0.89321,0.87723,0.89629,0.89265,0.88471,75.4154,125.137
0.88881,0.89143,0.87497,0.89593,0.89234,0.88441,72.1982,123.4181
0.88744,0.89033,0.87393,0.896,0.89275,0.88513,69.3732,120.0537
0.88633,0.88987,0.87413,0.89647,0.89382,0.88684,67.8852,118.9642
0.88547,0.88999,0.87551,0.89726,0.89547,0.8895,67.4721,114.3328
0.88479,0.89059,0.87795,0.89826,0.89756,0.89304,67.2234,113.6628
0.88424,0.8915,0.88126,0.89936,0.89991,0.89735,66.1726,113.5428
0.88377,0.89253,0.88511,0.90043,0.90229,0.90218,66.0751,112.2326
0.88331,0.89344,0.88908,0.90135,0.90446,0.90715,66.0764,113.3871
0.88281,0.89401,0.89264,0.90199,0.90618,0.91174,65.8587,110.8968
0.88222,0.89406,0.89523,0.90228,0.90723,0.91532,65.6326,109.7536
0.88152,0.89342,0.89631,0.90214,0.90744,0.9173,65.1989,109.7129
0.88067,0.89203,0.89551,0.90155,0.90674,0.9172,65.7729,108.6237
0.8797,0.8899,0.8927,0.90053,0.90512,0.91482,65.1832,107.0078
0.8786,0.88712,0.88803,0.89912,0.9027,0.91026,65.7806,107.0898
0.87742,0.88388,0.88192,0.89741,0.89968,0.90397,66.458,104.7823
0.87619,0.88041,0.87501,0.89551,0.89632,0.89666,66.0265,107.0162
0.87496,0.87696,0.86808,0.89352,0.89292,0.88918,66.5294,109.8867
0.8738,0.87378,0.86191,0.89156,0.88976,0.88238,65.9284,109.3572
0.87273,0.87107,0.85719,0.88974,0.88711,0.87699,65.5475,107.9955
0.8718,0.869,0.85444,0.88814,0.88512,0.87355,68.0405,105.9356
0.87105,0.8676,0.85392,0.88682,0.88388,0.87232,66.2146,104.0273
0.87047,0.86685,0.85556,0.88583,0.88339,0.87326,66.0521,102.5892
0.87008,0.86665,0.85891,0.88517,0.88353,0.87605,67.0476,101.266
0.86987,0.86686,0.86321,0.88485,0.88415,0.88007,66.1419,100.0069
0.86982,0.86728,0.86754,0.88483,0.88505,0.88452,65.4714,99.9009
0.86993,0.86775,0.87095,0.88508,0.88604,0.88849,65.9715,100.277
0.87019,0.86814,0.87275,0.88559,0.88697,0.89121,66.256,103.2097
0.87059,0.86839,0.87267,0.88632,0.88775,0.89221,66.6904,103.8883
0.87114,0.86852,0.87091,0.88725,0.8884,0.89147,67.0294,104.4824
0.87183,0.86859,0.8681,0.88838,0.88898,0.88944,66.9941,104.2376
0.87269,0.86874,0.86509,0.88971,0.88964,0.88691,67.2248,104.4893
0.87371,0.86912,0.86274,0.89123,0.89053,0.88482,67.3645,104.7985
0.87491,0.86986,0.86173,0.89294,0.8918,0.884,68.0165,105.6068
0.87628,0.87104,0.86247,0.89485,0.89356,0.88499,68.4455,107.5202
0.87781,0.87272,0.86499,0.89693,0.89584,0.88797,67.9196,109.1257
0.87948,0.87486,0.86906,0.89915,0.8986,0.89271,68.4371,111.3354
0.88125,0.87739,0.87425,0.90148,0.90174,0.89867,68.1742,112.2227
0.8831,0.88017,0.87996,0.90386,0.9051,0.90512,67.6112,112.7436
0.88497,0.88304,0.88564,0.90623,0.90847,0.9113,68.401,114.6816
0.88684,0.88584,0.89073,0.90852,0.91166,0.91659,68.0389,115.8231
0.88865,0.88841,0.89483,0.91069,0.91449,0.92054,68.3402,110.3077
0.89039,0.89064,0.89771,0.91269,0.91684,0.923,67.4927,107.1834
0.89202,0.89246,0.89925,0.91448,0.91865,0.92402,67.3541,102.3064
0.89354,0.89385,0.8995,0.91606,0.91994,0.92378,68.3339,101.278
0.89495,0.89486,0.89867,0.91744,0.92079,0.92256,67.8232,102.6223
0.89624,0.89556,0.89705,0.91863,0.92131,0.9207,68.1842,100.2301
0.89743,0.89607,0.89509,0.91967,0.92167,0.91865,66.6894,99.9823
0.89854,0.89649,0.89333,0.92061,0.92199,0.91697,65.6605,101.7802
0.89959,0.89693,0.89221,0.92149,0.9224,0.91618,64.5622,102.8163
0.90059,0.89748,0.89204,0.92236,0.92299,0.91666,64.8452,101.4153
0.90157,0.89818,0.89285,0.92324,0.9238,0.91842,65.1052,101.9959
0.90252,0.89907,0.89441,0.92415,0.92481,0.92112,65.5499,104.1321
0.90345,0.90014,0.89637,0.9251,0.92601,0.92415,67.6388,106.3621
0.90437,0.90136,0.89838,0.9261,0.92733,0.92691,70.3588,116.4607
0.90528,0.90269,0.90027,0.92712,0.9287,0.92903,72.1322,121.0661
0.90617,0.9041,0.90199,0.92816,0.93007,0.9305,72.5337,123.5967
0.90704,0.90556,0.90361,0.92918,0.93137,0.93152,72.4294,123.3491
0.90788,0.90703,0.90515,0.93017,0.93259,0.93233,71.0919,121.4665
0.90868,0.90851,0.90657,0.9311,0.93371,0.93306,69.6693,117.0063
0.90944,0.90997,0.90784,0.93195,0.9347,0.93368,68.8218,111.7738
0.91014,0.91142,0.90892,0.93271,0.93559,0.93414,69.5032,112.0701
0.91076,0.91282,0.90994,0.93336,0.93637,0.93446,70.5687,126.9302
0.91129,0.91417,0.91102,0.93388,0.93703,0.93475,72.2234,134.8509
0.9117,0.91543,0.91232,0.93427,0.93756,0.93522,73.7202,139.4388
0.91196,0.91656,0.91382,0.93452,0.93793,0.93597,72.9053,140.4702
0.91206,0.9175,0.91532,0.93463,0.93812,0.93692,74.2086,140.5509
0.91196,0.91822,0.91652,0.93458,0.9381,0.93781,72.2577,123.5515
0.91167,0.91867,0.91706,0.93439,0.93785,0.93826,70.3161,114.2626
0.91116,0.91884,0.9167,0.93406,0.93737,0.93793,68.864,110.6294
0.91045,0.91872,0.91541,0.93359,0.93667,0.93665,67.1853,109.5467
0.90952,0.91833,0.91336,0.93299,0.93582,0.93449,66.553,110.6181
0.90839,0.91771,0.91094,0.93226,0.93485,0.93178,65.8143,110.4035
0.90706,0.91692,0.90855,0.93141,0.93385,0.92897,65.8598,109.2704
0.90553,0.91599,0.9066,0.93043,0.93286,0.92657,66.336,109.7569
0.90378,0.91495,0.90537,0.92929,0.93192,0.92497,66.1679,110.3257
0.90179,0.91376,0.90495,0.92796,0.931,0.92436,66.0281,109.8306
0.89954,0.91237,0.90528,0.9264,0.93004,0.92475,66.0626,109.3098
0.89697,0.91068,0.906,0.92455,0.92892,0.92587,66.1244,109.5297
0.89406,0.90856,0.90658,0.92234,0.92747,0.92724,66.8729,110.7422
0.89078,0.90587,0.90634,0.91972,0.92552,0.92819,66.4773,111.1605
0.88711,0.90251,0.90466,0.91662,0.92292,0.92802,66.4513,110.8843
0.88304,0.89841,0.90114,0.913,0.91954,0.92617,66.5912,110.9472
0.87859,0.89356,0.89576,0.90883,0.91532,0.92236,66.0222,111.1582
0.87381,0.88802,0.88887,0.90414,0.91025,0.91667,65.7653,110.216
0.86873,0.8819,0.88099,0.89894,0.90442,0.90942,64.7669,109.7643
0.86343,0.87537,0.87267,0.8933,0.89796,0.90107,66.2543,109.4613
0.85798,0.86859,0.86435,0.8873,0.89103,0.89209,65.6505,109.3178
0.85246,0.86176,0.85632,0.88103,0.88382,0.88292,65.6692,109.373
0.84693,0.85501,0.84874,0.87459,0.87651,0.87391,65.1482,107.956
0.84147,0.84847,0.84171,0.8681,0.86926,0.86534,64.916,107.069
0.83615,0.84223,0.83523,0.86165,0.8622,0.85743,65.1579,105.9732
0.831,0.83634,0.82926,0.85534,0.85542,0.85025,65.1758,104.8458
0.82609,0.83082,0.82365,0.84925,0.84898,0.84375,65.8055,104.1496
0.82145,0.82565,0.81825,0.84344,0.84293,0.8378,66.3235,101.9138
0.81712,0.82083,0.81295,0.83797,0.83729,0.83224,65.8625,101.2944
0.81311,0.81635,0.8077,0.83289,0.83209,0.82697,65.698,101.3639
0.80946,0.81221,0.80258,0.82824,0.82734,0.82201,66.5058,102.5334
0.80617,0.80841,0.79776,0.82403,0.82306,0.81745,66.1795,103.5356
0.80325,0.80498,0.79346,0.82029,0.81927,0.81343,66.526,103.9885
0.80071,0.80193,0.7899,0.81701,0.81599,0.81004,67.4886,105.6472
0.79854,0.79929,0.78722,0.81419,0.81321,0.80735,67.5771,108.3153
0.79673,0.79706,0.78553,0.81183,0.81093,0.80536,67.5796,114.3898
0.79526,0.79524,0.7848,0.80989,0.80914,0.80402,66.2373,119.9885
0.79411,0.79382,0.78493,0.80834,0.8078,0.80323,66.2848,121.7188
0.79324,0.79275,0.78573,0.80716,0.80685,0.8029,64.9232,119.1037
0.79262,0.79198,0.78692,0.80629,0.80624,0.80288,64.4172,116.0503
0.79223,0.79146,0.78821,0.80571,0.80591,0.80304,65.326,113.1403
0.79203,0.79112,0.78931,0.80537,0.8058,0.80327,65.6258,107.9202
0.792,0.7909,0.79004,0.80523,0.80584,0.80354,67.1624,104.0806
0.7921,0.79076,0.7903,0.80527,0.806,0.80383,67.804,102.8992
0.79232,0.79066,0.79015,0.80545,0.80624,0.80419,68.8268,104.0031
0.79264,0.79058,0.78968,0.80577,0.80655,0.80466,67.7333,104.8796
0.79304,0.79053,0.78902,0.80621,0.8069,0.80525,68.5901,107.0009
0.79351,0.79051,0.78828,0.80677,0.80732,0.8059,66.914,106.8926
0.79406,0.79055,0.78754,0.80746,0.80781,0.80654,65.0013,106.0729
0.79467,0.79069,0.78686,0.80829,0.80839,0.80708,64.4381,106.9026
0.79537,0.791,0.78629,0.80929,0.8091,0.8075,64.1293,106.4677
0.79616,0.79152,0.78591,0.81048,0.80998,0.80785,62.3519,105.1871
0.79704,0.79232,0.7858,0.81188,0.81109,0.80822,62.8831,104.175
0.79803,0.79347,0.78609,0.81351,0.81248,0.80877,64.253,104.3198
0.79911,0.79501,0.78691,0.81536,0.81422,0.80965,64.4181,104.5592
0.80028,0.79697,0.78841,0.81743,0.81633,0.81106,65.1797,107.0449
0.80152,0.79938,0.79074,0.81969,0.81885,0.81316,66.7868,110.066
0.80278,0.80219,0.79404,0.82207,0.82175,0.8161,67.036,113.7121
0.80402,0.80532,0.7984,0.82449,0.82498,0.81998,68.0514,114.1472
0.80518,0.80866,0.80372,0.82686,0.8284,0.82475,68.4019,115.1117
0.80617,0.81201,0.80977,0.82904,0.83185,0.83023,67.8241,115.6955
0.80691,0.81516,0.8161,0.8309,0.83509,0.83603,67.2001,117.1268
0.80733,0.81786,0.8221,0.83232,0.83786,0.8416,69.6404,116.0925
0.80734,0.81984,0.82705,0.83317,0.83991,0.84627,72.3689,117.4949
0.80689,0.82087,0.83027,0.83334,0.84098,0.84941,71.2166,119.6637
0.80593,0.82078,0.83123,0.83277,0.8409,0.85048,71.8434,122.7102
0.80446,0.81947,0.82965,0.83142,0.83958,0.84918,69.439,119.1068
0.80248,0.81694,0.82558,0.82932,0.83702,0.84549,67.0845,116.8987
0.80003,0.81329,0.81937,0.82651,0.83333,0.83968,66.1818,112.987
0.79718,0.80871,0.81161,0.82309,0.82872,0.83226,64.6172,110.4315
0.794,0.80345,0.80303,0.81919,0.82345,0.8239,65.2669,106.4153
0.79059,0.79781,0.79432,0.81495,0.81779,0.8153,65.9523,105.3262
0.78704,0.79206,0.7861,0.81052,0.81205,0.80709,65.9942,103.9053
0.78344,0.78645,0.77879,0.80606,0.80648,0.79972,65.7612,104.8526
0.77988,0.7812,0.77259,0.80169,0.80127,0.79346,65.911,106.56
0.77643,0.77644,0.76759,0.79752,0.79658,0.78837,65.9961,104.6125
0.77316,0.77226,0.76376,0.79366,0.79248,0.78443,65.7115,105.5919
0.77009,0.76868,0.76097,0.79015,0.78899,0.7815,65.6763,106.2348
0.76727,0.76566,0.75908,0.78703,0.78609,0.77943,65.7726,105.7312
0.76471,0.76316,0.75782,0.78432,0.78371,0.77804,65.7495,105.6819
0.76242,0.7611,0.75686,0.78199,0.78177,0.77705,65.2144,105.7036
0.76039,0.75939,0.75588,0.78004,0.78019,0.77616,65.5434,105.4166
0.75861,0.75798,0.75466,0.7784,0.77889,0.7751,64.9187,105.1385
0.75706,0.7568,0.75316,0.77704,0.77782,0.77378,64.896,104.5592
0.75571,0.75582,0.7516,0.7759,0.77693,0.77235,65.47,104.8481
0.75455,0.755,0.75039,0.77494,0.77617,0.77123,65.3841,105.1343
0.75355,0.75429,0.74987,0.7741,0.77549,0.77089,65.1059,104.7594
0.75267,0.75364,0.7502,0.77335,0.77485,0.77163,64.867,104.9765
0.7519,0.75298,0.75119,0.77264,0.77418,0.77334,65.08,106.0679
0.75122,0.75226,0.75233,0.77196,0.77341,0.77549,65.0451,105.9472
0.75063,0.75141,0.75293,0.7713,0.7725,0.7772,65.2274,105.2147
0.75011,0.75041,0.75235,0.77067,0.77141,0.77761,65.4303,104.5372
0.74968,0.74929,0.75026,0.77009,0.77019,0.77616,65.4038,104.2851
0.74935,0.74812,0.74683,0.76958,0.76891,0.77286,65.5051,104.4152
0.74913,0.74701,0.74262,0.76918,0.7677,0.7683,65.7628,104.4089
0.74904,0.74611,0.73852,0.76893,0.76672,0.76345,65.7671,105.6128
0.74908,0.74556,0.73539,0.76886,0.76612,0.75939,66.3781,106.7504
0.74927,0.74549,0.73391,0.769,0.76604,0.757,66.2724,108.5217
0.74959,0.74596,0.73442,0.76936,0.76655,0.75681,66.3292,108.7493
0.75004,0.74697,0.73685,0.76992,0.76765,0.75892,66.3799,108.4158
0.75059,0.74844,0.74078,0.77065,0.76925,0.76299,66.2279,108.501
0.75122,0.75025,0.74556,0.77151,0.77119,0.76835,65.9634,108.4119
0.75189,0.75221,0.75048,0.77243,0.77327,0.77413,65.2011,107.3693
0.75257,0.75413,0.75485,0.77335,0.77525,0.77939,65.02,106.2764
0.75321,0.75585,0.75815,0.77418,0.77694,0.78333,64.4278,104.1957
0.75381,0.75725,0.76015,0.77488,0.77818,0.78546,64.4498,103.7368
0.75432,0.75826,0.76088,0.77537,0.77891,0.78567,64.7325,103.207
0.75474,0.75888,0.76061,0.77564,0.77911,0.7842,65.1831,103.1059
0.75505,0.75915,0.75973,0.77564,0.77885,0.78158,65.7251,102.9862
0.75527,0.75913,0.7587,0.7754,0.77823,0.77849,66.2456,104.3189
0.75537,0.75891,0.75793,0.77491,0.77736,0.77554,66.725,106.7706
0.75539,0.75854,0.75768,0.77421,0.77634,0.7732,66.9481,108.0399
0.7553,0.75807,0.758,0.77333,0.77525,0.7717,67.4248,109.5355
0.75514,0.7575,0.75873,0.77232,0.77412,0.77098,66.903,109.801
0.7549,0.75682,0.75954,0.77121,0.77297,0.77077,66.3887,109.7795
0.7546,0.75603,0.75997,0.77006,0.77178,0.77067,65.6463,108.7762
0.75426,0.75509,0.75964,0.76892,0.77053,0.77025,65.2008,107.3076
0.7539,0.75402,0.75827,0.76782,0.76923,0.76923,65.4782,106.4072
0.75354,0.75284,0.75589,0.76683,0.7679,0.7675,65.7371,106.997
0.75323,0.75162,0.7527,0.766,0.7666,0.76519,65.9853,107.0795
0.75299,0.75045,0.74909,0.76536,0.76542,0.7626,66.1415,107.4009
0.75285,0.74943,0.7455,0.76496,0.76447,0.76009,66.3719,107.4717
0.75284,0.74868,0.74239,0.76483,0.76387,0.75803,66.3134,108.2153
0.75298,0.74831,0.74014,0.76501,0.76373,0.75669,66.1592,108.3987
0.75327,0.7484,0.73906,0.76549,0.76412,0.75631,66.0254,109.0328
0.75372,0.74897,0.73937,0.76626,0.76509,0.75704,65.9926,108.7957
0.75431,0.75002,0.74113,0.7673,0.76661,0.75897,66.1398,108.8056
0.755,0.75148,0.74425,0.76856,0.7686,0.76209,66.3568,109.3058
0.75577,0.75321,0.74844,0.76998,0.77094,0.76624,66.2578,108.0458
0.75657,0.75507,0.75324,0.77149,0.77345,0.7711,66.6016,107.9356
0.75736,0.75687,0.75807,0.77301,0.77595,0.7762,66.5932,107.3963
0.75809,0.75843,0.7623,0.77448,0.77823,0.78097,66.4734,107.6488
0.75872,0.75958,0.76537,0.77583,0.78013,0.78482,66.3521,106.9005
0.75923,0.76024,0.7669,0.77702,0.78151,0.7873,66.2965,106.9118
0.75961,0.76035,0.76672,0.77803,0.78234,0.78817,66.2704,107.2052
0.75986,0.75996,0.76495,0.77886,0.78263,0.78744,66.015,107.1789
0.76,0.75917,0.76195,0.77953,0.78247,0.78539,65.9714,106.7378
0.76006,0.75813,0.75828,0.78008,0.78202,0.78249,65.8941,106.8704
0.76006,0.75702,0.75453,0.78056,0.78147,0.77933,64.7877,106.9437
0.76006,0.75603,0.75129,0.78104,0.78101,0.77652,64.1878,106.7645
0.76008,0.75534,0.74902,0.78157,0.78082,0.77458,64.6819,107.0387
0.76016,0.75506,0.74802,0.78219,0.78103,0.77388,64.1821,106.1408
0.76032,0.75527,0.74841,0.78294,0.78172,0.77459,63.9357,105.4808
0.76057,0.75597,0.75011,0.78383,0.78289,0.77665,63.2725,107.6454
0.76089,0.75711,0.75288,0.78486,0.78449,0.77981,63.9491,107.0481
0.76129,0.75861,0.75637,0.786,0.78641,0.78367,64.5666,108.256
0.76173,0.76032,0.76013,0.7872,0.7885,0.78778,65.3963,113.1766
0.76218,0.76209,0.76373,0.78841,0.7906,0.79167,66.5163,118.0417
0.76261,0.76378,0.76678,0.78957,0.79255,0.79496,66.5296,126.2994
